CC00051XX02-7702,CC00055XX06-9300
CC00051XX02-7702,CC00056XX07-10700
CC00051XX02-7702,CC00060XX03-12501
CC00051XX02-7702,CC00066XX09-19200
CC00051XX02-7702,CC00074XX09-28000
CC00051XX02-7702,CC00075XX10-28400
CC00051XX02-7702,CC00076XX11-28700
CC00051XX02-7702,CC00080XX07-30300
CC00051XX02-7702,CC00095XX14-33501
CC00051XX02-7702,CC00100XX01-35000
CC00051XX02-7702,CC00101XX02-35001
CC00051XX02-7702,CC00106XX07-36100
CC00051XX02-7702,CC00109XX10-36901
CC00051XX02-7702,CC00116XX09-38001
CC00051XX02-7702,CC00126XX11-43100
CC00051XX02-7702,CC00131XX08-44200
CC00051XX02-7702,CC00138XX15-46200
CC00051XX02-7702,CC00143AN12-47501
CC00051XX02-7702,CC00143BN12-47600
CC00051XX02-7702,CC00145XX14-48100
CC00051XX02-7702,CC00149XX18-49000
CC00051XX02-7702,CC00157XX09-51900
CC00051XX02-7702,CC00164XX08-54000
CC00051XX02-7702,CC00179XX15-58800
CC00051XX02-7702,CC00183XX11-60300
CC00051XX02-7702,CC00189XX17-62301
CC00051XX02-7702,CC00193XX13-64400
CC00051XX02-7702,CC00198XX18-66600
CC00051XX02-7702,CC00199XX19-66700
CC00051XX02-7702,CC00203XX05-69500
CC00051XX02-7702,CC00206XX08-70100
CC00051XX02-7702,CC00207XX09-88700
CC00051XX02-7702,CC00217XX11-73700
CC00051XX02-7702,CC00268XX13-87800
CC00051XX02-7702,CC00300XX03-96000
CC00051XX02-7702,CC00304XX07-111600
CC00051XX02-7702,CC00308XX11-98900
CC00051XX02-7702,CC00314XX09-100101
CC00051XX02-7702,CC00321XX08-102700
CC00051XX02-7702,CC00329XX16-105400
CC00051XX02-7702,CC00345XX16-109000
CC00051XX02-7702,CC00398XX20-123100
CC00051XX02-7702,CC00403XX07-124400
CC00051XX02-7702,CC00405XX09-124900
CC00051XX02-7702,CC00413XX09-127100
CC00051XX02-7702,CC00415XX11-127400
CC00051XX02-7702,CC00446XX18-135200
CC00051XX02-7702,CC00453XX08-136600
CC00051XX02-7702,CC00472XX11-140000
CC00051XX02-7702,CC00473XX12-140100
CC00051XX02-7702,CC00474XX13-140500
CC00051XX02-7702,CC00484XX15-142700
CC00051XX02-7702,CC00486XX17-144300
CC00051XX02-7702,CC00502XX07-146700
CC00051XX02-7702,CC00508XX13-148700
CC00051XX02-7702,CC00509XX14-148800
CC00051XX02-7702,CC00549XX22-157600
CC00051XX02-7702,CC00550XX06-157800
CC00051XX02-7702,CC00552XX08-159300
CC00051XX02-7702,CC00553XX09-159000
CC00051XX02-7702,CC00584XX16-178800
CC00051XX02-7702,CC00585XX17-178900
CC00051XX02-7702,CC00586XX18-179000
CC00055XX06-9300,CC00056XX07-10700
CC00055XX06-9300,CC00060XX03-12501
CC00055XX06-9300,CC00066XX09-19200
CC00055XX06-9300,CC00074XX09-28000
CC00055XX06-9300,CC00075XX10-28400
CC00055XX06-9300,CC00076XX11-28700
CC00055XX06-9300,CC00080XX07-30300
CC00055XX06-9300,CC00095XX14-33501
CC00055XX06-9300,CC00100XX01-35000
CC00055XX06-9300,CC00101XX02-35001
CC00055XX06-9300,CC00106XX07-36100
CC00055XX06-9300,CC00109XX10-36901
CC00055XX06-9300,CC00116XX09-38001
CC00055XX06-9300,CC00126XX11-43100
CC00055XX06-9300,CC00131XX08-44200
CC00055XX06-9300,CC00138XX15-46200
CC00055XX06-9300,CC00143AN12-47501
CC00055XX06-9300,CC00143BN12-47600
CC00055XX06-9300,CC00145XX14-48100
CC00055XX06-9300,CC00149XX18-49000
CC00055XX06-9300,CC00157XX09-51900
CC00055XX06-9300,CC00164XX08-54000
CC00055XX06-9300,CC00179XX15-58800
CC00055XX06-9300,CC00183XX11-60300
CC00055XX06-9300,CC00189XX17-62301
CC00055XX06-9300,CC00193XX13-64400
CC00055XX06-9300,CC00198XX18-66600
CC00055XX06-9300,CC00199XX19-66700
CC00055XX06-9300,CC00203XX05-69500
CC00055XX06-9300,CC00206XX08-70100
CC00055XX06-9300,CC00207XX09-88700
CC00055XX06-9300,CC00217XX11-73700
CC00055XX06-9300,CC00268XX13-87800
CC00055XX06-9300,CC00300XX03-96000
CC00055XX06-9300,CC00304XX07-111600
CC00055XX06-9300,CC00308XX11-98900
CC00055XX06-9300,CC00314XX09-100101
CC00055XX06-9300,CC00321XX08-102700
CC00055XX06-9300,CC00329XX16-105400
CC00055XX06-9300,CC00345XX16-109000
CC00055XX06-9300,CC00398XX20-123100
CC00055XX06-9300,CC00403XX07-124400
CC00055XX06-9300,CC00405XX09-124900
CC00055XX06-9300,CC00413XX09-127100
CC00055XX06-9300,CC00415XX11-127400
CC00055XX06-9300,CC00446XX18-135200
CC00055XX06-9300,CC00453XX08-136600
CC00055XX06-9300,CC00472XX11-140000
CC00055XX06-9300,CC00473XX12-140100
CC00055XX06-9300,CC00474XX13-140500
CC00055XX06-9300,CC00484XX15-142700
CC00055XX06-9300,CC00486XX17-144300
CC00055XX06-9300,CC00502XX07-146700
CC00055XX06-9300,CC00508XX13-148700
CC00055XX06-9300,CC00509XX14-148800
CC00055XX06-9300,CC00549XX22-157600
CC00055XX06-9300,CC00550XX06-157800
CC00055XX06-9300,CC00552XX08-159300
CC00055XX06-9300,CC00553XX09-159000
CC00055XX06-9300,CC00584XX16-178800
CC00055XX06-9300,CC00585XX17-178900
CC00055XX06-9300,CC00586XX18-179000
CC00056XX07-10700,CC00060XX03-12501
CC00056XX07-10700,CC00066XX09-19200
CC00056XX07-10700,CC00074XX09-28000
CC00056XX07-10700,CC00075XX10-28400
CC00056XX07-10700,CC00076XX11-28700
CC00056XX07-10700,CC00080XX07-30300
CC00056XX07-10700,CC00095XX14-33501
CC00056XX07-10700,CC00100XX01-35000
CC00056XX07-10700,CC00101XX02-35001
CC00056XX07-10700,CC00106XX07-36100
CC00056XX07-10700,CC00109XX10-36901
CC00056XX07-10700,CC00116XX09-38001
CC00056XX07-10700,CC00126XX11-43100
CC00056XX07-10700,CC00131XX08-44200
CC00056XX07-10700,CC00138XX15-46200
CC00056XX07-10700,CC00143AN12-47501
CC00056XX07-10700,CC00143BN12-47600
CC00056XX07-10700,CC00145XX14-48100
CC00056XX07-10700,CC00149XX18-49000
CC00056XX07-10700,CC00157XX09-51900
CC00056XX07-10700,CC00164XX08-54000
CC00056XX07-10700,CC00179XX15-58800
CC00056XX07-10700,CC00183XX11-60300
CC00056XX07-10700,CC00189XX17-62301
CC00056XX07-10700,CC00193XX13-64400
CC00056XX07-10700,CC00198XX18-66600
CC00056XX07-10700,CC00199XX19-66700
CC00056XX07-10700,CC00203XX05-69500
CC00056XX07-10700,CC00206XX08-70100
CC00056XX07-10700,CC00207XX09-88700
CC00056XX07-10700,CC00217XX11-73700
CC00056XX07-10700,CC00268XX13-87800
CC00056XX07-10700,CC00300XX03-96000
CC00056XX07-10700,CC00304XX07-111600
CC00056XX07-10700,CC00308XX11-98900
CC00056XX07-10700,CC00314XX09-100101
CC00056XX07-10700,CC00321XX08-102700
CC00056XX07-10700,CC00329XX16-105400
CC00056XX07-10700,CC00345XX16-109000
CC00056XX07-10700,CC00398XX20-123100
CC00056XX07-10700,CC00403XX07-124400
CC00056XX07-10700,CC00405XX09-124900
CC00056XX07-10700,CC00413XX09-127100
CC00056XX07-10700,CC00415XX11-127400
CC00056XX07-10700,CC00446XX18-135200
CC00056XX07-10700,CC00453XX08-136600
CC00056XX07-10700,CC00472XX11-140000
CC00056XX07-10700,CC00473XX12-140100
CC00056XX07-10700,CC00474XX13-140500
CC00056XX07-10700,CC00484XX15-142700
CC00056XX07-10700,CC00486XX17-144300
CC00056XX07-10700,CC00502XX07-146700
CC00056XX07-10700,CC00508XX13-148700
CC00056XX07-10700,CC00509XX14-148800
CC00056XX07-10700,CC00549XX22-157600
CC00056XX07-10700,CC00550XX06-157800
CC00056XX07-10700,CC00552XX08-159300
CC00056XX07-10700,CC00553XX09-159000
CC00056XX07-10700,CC00584XX16-178800
CC00056XX07-10700,CC00585XX17-178900
CC00056XX07-10700,CC00586XX18-179000
CC00060XX03-12501,CC00066XX09-19200
CC00060XX03-12501,CC00074XX09-28000
CC00060XX03-12501,CC00075XX10-28400
CC00060XX03-12501,CC00076XX11-28700
CC00060XX03-12501,CC00080XX07-30300
CC00060XX03-12501,CC00095XX14-33501
CC00060XX03-12501,CC00100XX01-35000
CC00060XX03-12501,CC00101XX02-35001
CC00060XX03-12501,CC00106XX07-36100
CC00060XX03-12501,CC00109XX10-36901
CC00060XX03-12501,CC00116XX09-38001
CC00060XX03-12501,CC00126XX11-43100
CC00060XX03-12501,CC00131XX08-44200
CC00060XX03-12501,CC00138XX15-46200
CC00060XX03-12501,CC00143AN12-47501
CC00060XX03-12501,CC00143BN12-47600
CC00060XX03-12501,CC00145XX14-48100
CC00060XX03-12501,CC00149XX18-49000
CC00060XX03-12501,CC00157XX09-51900
CC00060XX03-12501,CC00164XX08-54000
CC00060XX03-12501,CC00179XX15-58800
CC00060XX03-12501,CC00183XX11-60300
CC00060XX03-12501,CC00189XX17-62301
CC00060XX03-12501,CC00193XX13-64400
CC00060XX03-12501,CC00198XX18-66600
CC00060XX03-12501,CC00199XX19-66700
CC00060XX03-12501,CC00203XX05-69500
CC00060XX03-12501,CC00206XX08-70100
CC00060XX03-12501,CC00207XX09-88700
CC00060XX03-12501,CC00217XX11-73700
CC00060XX03-12501,CC00268XX13-87800
CC00060XX03-12501,CC00300XX03-96000
CC00060XX03-12501,CC00304XX07-111600
CC00060XX03-12501,CC00308XX11-98900
CC00060XX03-12501,CC00314XX09-100101
CC00060XX03-12501,CC00321XX08-102700
CC00060XX03-12501,CC00329XX16-105400
CC00060XX03-12501,CC00345XX16-109000
CC00060XX03-12501,CC00398XX20-123100
CC00060XX03-12501,CC00403XX07-124400
CC00060XX03-12501,CC00405XX09-124900
CC00060XX03-12501,CC00413XX09-127100
CC00060XX03-12501,CC00415XX11-127400
CC00060XX03-12501,CC00446XX18-135200
CC00060XX03-12501,CC00453XX08-136600
CC00060XX03-12501,CC00472XX11-140000
CC00060XX03-12501,CC00473XX12-140100
CC00060XX03-12501,CC00474XX13-140500
CC00060XX03-12501,CC00484XX15-142700
CC00060XX03-12501,CC00486XX17-144300
CC00060XX03-12501,CC00502XX07-146700
CC00060XX03-12501,CC00508XX13-148700
CC00060XX03-12501,CC00509XX14-148800
CC00060XX03-12501,CC00549XX22-157600
CC00060XX03-12501,CC00550XX06-157800
CC00060XX03-12501,CC00552XX08-159300
CC00060XX03-12501,CC00553XX09-159000
CC00060XX03-12501,CC00584XX16-178800
CC00060XX03-12501,CC00585XX17-178900
CC00060XX03-12501,CC00586XX18-179000
CC00066XX09-19200,CC00074XX09-28000
CC00066XX09-19200,CC00075XX10-28400
CC00066XX09-19200,CC00076XX11-28700
CC00066XX09-19200,CC00080XX07-30300
CC00066XX09-19200,CC00095XX14-33501
CC00066XX09-19200,CC00100XX01-35000
CC00066XX09-19200,CC00101XX02-35001
CC00066XX09-19200,CC00106XX07-36100
CC00066XX09-19200,CC00109XX10-36901
CC00066XX09-19200,CC00116XX09-38001
CC00066XX09-19200,CC00126XX11-43100
CC00066XX09-19200,CC00131XX08-44200
CC00066XX09-19200,CC00138XX15-46200
CC00066XX09-19200,CC00143AN12-47501
CC00066XX09-19200,CC00143BN12-47600
CC00066XX09-19200,CC00145XX14-48100
CC00066XX09-19200,CC00149XX18-49000
CC00066XX09-19200,CC00157XX09-51900
CC00066XX09-19200,CC00164XX08-54000
CC00066XX09-19200,CC00179XX15-58800
CC00066XX09-19200,CC00183XX11-60300
CC00066XX09-19200,CC00189XX17-62301
CC00066XX09-19200,CC00193XX13-64400
CC00066XX09-19200,CC00198XX18-66600
CC00066XX09-19200,CC00199XX19-66700
CC00066XX09-19200,CC00203XX05-69500
CC00066XX09-19200,CC00206XX08-70100
CC00066XX09-19200,CC00207XX09-88700
CC00066XX09-19200,CC00217XX11-73700
CC00066XX09-19200,CC00268XX13-87800
CC00066XX09-19200,CC00300XX03-96000
CC00066XX09-19200,CC00304XX07-111600
CC00066XX09-19200,CC00308XX11-98900
CC00066XX09-19200,CC00314XX09-100101
CC00066XX09-19200,CC00321XX08-102700
CC00066XX09-19200,CC00329XX16-105400
CC00066XX09-19200,CC00345XX16-109000
CC00066XX09-19200,CC00398XX20-123100
CC00066XX09-19200,CC00403XX07-124400
CC00066XX09-19200,CC00405XX09-124900
CC00066XX09-19200,CC00413XX09-127100
CC00066XX09-19200,CC00415XX11-127400
CC00066XX09-19200,CC00446XX18-135200
CC00066XX09-19200,CC00453XX08-136600
CC00066XX09-19200,CC00472XX11-140000
CC00066XX09-19200,CC00473XX12-140100
CC00066XX09-19200,CC00474XX13-140500
CC00066XX09-19200,CC00484XX15-142700
CC00066XX09-19200,CC00486XX17-144300
CC00066XX09-19200,CC00502XX07-146700
CC00066XX09-19200,CC00508XX13-148700
CC00066XX09-19200,CC00509XX14-148800
CC00066XX09-19200,CC00549XX22-157600
CC00066XX09-19200,CC00550XX06-157800
CC00066XX09-19200,CC00552XX08-159300
CC00066XX09-19200,CC00553XX09-159000
CC00066XX09-19200,CC00584XX16-178800
CC00066XX09-19200,CC00585XX17-178900
CC00066XX09-19200,CC00586XX18-179000
CC00074XX09-28000,CC00075XX10-28400
CC00074XX09-28000,CC00076XX11-28700
CC00074XX09-28000,CC00080XX07-30300
CC00074XX09-28000,CC00095XX14-33501
CC00074XX09-28000,CC00100XX01-35000
CC00074XX09-28000,CC00101XX02-35001
CC00074XX09-28000,CC00106XX07-36100
CC00074XX09-28000,CC00109XX10-36901
CC00074XX09-28000,CC00116XX09-38001
CC00074XX09-28000,CC00126XX11-43100
CC00074XX09-28000,CC00131XX08-44200
CC00074XX09-28000,CC00138XX15-46200
CC00074XX09-28000,CC00143AN12-47501
CC00074XX09-28000,CC00143BN12-47600
CC00074XX09-28000,CC00145XX14-48100
CC00074XX09-28000,CC00149XX18-49000
CC00074XX09-28000,CC00157XX09-51900
CC00074XX09-28000,CC00164XX08-54000
CC00074XX09-28000,CC00179XX15-58800
CC00074XX09-28000,CC00183XX11-60300
CC00074XX09-28000,CC00189XX17-62301
CC00074XX09-28000,CC00193XX13-64400
CC00074XX09-28000,CC00198XX18-66600
CC00074XX09-28000,CC00199XX19-66700
CC00074XX09-28000,CC00203XX05-69500
CC00074XX09-28000,CC00206XX08-70100
CC00074XX09-28000,CC00207XX09-88700
CC00074XX09-28000,CC00217XX11-73700
CC00074XX09-28000,CC00268XX13-87800
CC00074XX09-28000,CC00300XX03-96000
CC00074XX09-28000,CC00304XX07-111600
CC00074XX09-28000,CC00308XX11-98900
CC00074XX09-28000,CC00314XX09-100101
CC00074XX09-28000,CC00321XX08-102700
CC00074XX09-28000,CC00329XX16-105400
CC00074XX09-28000,CC00345XX16-109000
CC00074XX09-28000,CC00398XX20-123100
CC00074XX09-28000,CC00403XX07-124400
CC00074XX09-28000,CC00405XX09-124900
CC00074XX09-28000,CC00413XX09-127100
CC00074XX09-28000,CC00415XX11-127400
CC00074XX09-28000,CC00446XX18-135200
CC00074XX09-28000,CC00453XX08-136600
CC00074XX09-28000,CC00472XX11-140000
CC00074XX09-28000,CC00473XX12-140100
CC00074XX09-28000,CC00474XX13-140500
CC00074XX09-28000,CC00484XX15-142700
CC00074XX09-28000,CC00486XX17-144300
CC00074XX09-28000,CC00502XX07-146700
CC00074XX09-28000,CC00508XX13-148700
CC00074XX09-28000,CC00509XX14-148800
CC00074XX09-28000,CC00549XX22-157600
CC00074XX09-28000,CC00550XX06-157800
CC00074XX09-28000,CC00552XX08-159300
CC00074XX09-28000,CC00553XX09-159000
CC00074XX09-28000,CC00584XX16-178800
CC00074XX09-28000,CC00585XX17-178900
CC00074XX09-28000,CC00586XX18-179000
CC00075XX10-28400,CC00076XX11-28700
CC00075XX10-28400,CC00080XX07-30300
CC00075XX10-28400,CC00095XX14-33501
CC00075XX10-28400,CC00100XX01-35000
CC00075XX10-28400,CC00101XX02-35001
CC00075XX10-28400,CC00106XX07-36100
CC00075XX10-28400,CC00109XX10-36901
CC00075XX10-28400,CC00116XX09-38001
CC00075XX10-28400,CC00126XX11-43100
CC00075XX10-28400,CC00131XX08-44200
CC00075XX10-28400,CC00138XX15-46200
CC00075XX10-28400,CC00143AN12-47501
CC00075XX10-28400,CC00143BN12-47600
CC00075XX10-28400,CC00145XX14-48100
CC00075XX10-28400,CC00149XX18-49000
CC00075XX10-28400,CC00157XX09-51900
CC00075XX10-28400,CC00164XX08-54000
CC00075XX10-28400,CC00179XX15-58800
CC00075XX10-28400,CC00183XX11-60300
CC00075XX10-28400,CC00189XX17-62301
CC00075XX10-28400,CC00193XX13-64400
CC00075XX10-28400,CC00198XX18-66600
CC00075XX10-28400,CC00199XX19-66700
CC00075XX10-28400,CC00203XX05-69500
CC00075XX10-28400,CC00206XX08-70100
CC00075XX10-28400,CC00207XX09-88700
CC00075XX10-28400,CC00217XX11-73700
CC00075XX10-28400,CC00268XX13-87800
CC00075XX10-28400,CC00300XX03-96000
CC00075XX10-28400,CC00304XX07-111600
CC00075XX10-28400,CC00308XX11-98900
CC00075XX10-28400,CC00314XX09-100101
CC00075XX10-28400,CC00321XX08-102700
CC00075XX10-28400,CC00329XX16-105400
CC00075XX10-28400,CC00345XX16-109000
CC00075XX10-28400,CC00398XX20-123100
CC00075XX10-28400,CC00403XX07-124400
CC00075XX10-28400,CC00405XX09-124900
CC00075XX10-28400,CC00413XX09-127100
CC00075XX10-28400,CC00415XX11-127400
CC00075XX10-28400,CC00446XX18-135200
CC00075XX10-28400,CC00453XX08-136600
CC00075XX10-28400,CC00472XX11-140000
CC00075XX10-28400,CC00473XX12-140100
CC00075XX10-28400,CC00474XX13-140500
CC00075XX10-28400,CC00484XX15-142700
CC00075XX10-28400,CC00486XX17-144300
CC00075XX10-28400,CC00502XX07-146700
CC00075XX10-28400,CC00508XX13-148700
CC00075XX10-28400,CC00509XX14-148800
CC00075XX10-28400,CC00549XX22-157600
CC00075XX10-28400,CC00550XX06-157800
CC00075XX10-28400,CC00552XX08-159300
CC00075XX10-28400,CC00553XX09-159000
CC00075XX10-28400,CC00584XX16-178800
CC00075XX10-28400,CC00585XX17-178900
CC00075XX10-28400,CC00586XX18-179000
CC00076XX11-28700,CC00080XX07-30300
CC00076XX11-28700,CC00095XX14-33501
CC00076XX11-28700,CC00100XX01-35000
CC00076XX11-28700,CC00101XX02-35001
CC00076XX11-28700,CC00106XX07-36100
CC00076XX11-28700,CC00109XX10-36901
CC00076XX11-28700,CC00116XX09-38001
CC00076XX11-28700,CC00126XX11-43100
CC00076XX11-28700,CC00131XX08-44200
CC00076XX11-28700,CC00138XX15-46200
CC00076XX11-28700,CC00143AN12-47501
CC00076XX11-28700,CC00143BN12-47600
CC00076XX11-28700,CC00145XX14-48100
CC00076XX11-28700,CC00149XX18-49000
CC00076XX11-28700,CC00157XX09-51900
CC00076XX11-28700,CC00164XX08-54000
CC00076XX11-28700,CC00179XX15-58800
CC00076XX11-28700,CC00183XX11-60300
CC00076XX11-28700,CC00189XX17-62301
CC00076XX11-28700,CC00193XX13-64400
CC00076XX11-28700,CC00198XX18-66600
CC00076XX11-28700,CC00199XX19-66700
CC00076XX11-28700,CC00203XX05-69500
CC00076XX11-28700,CC00206XX08-70100
CC00076XX11-28700,CC00207XX09-88700
CC00076XX11-28700,CC00217XX11-73700
CC00076XX11-28700,CC00268XX13-87800
CC00076XX11-28700,CC00300XX03-96000
CC00076XX11-28700,CC00304XX07-111600
CC00076XX11-28700,CC00308XX11-98900
CC00076XX11-28700,CC00314XX09-100101
CC00076XX11-28700,CC00321XX08-102700
CC00076XX11-28700,CC00329XX16-105400
CC00076XX11-28700,CC00345XX16-109000
CC00076XX11-28700,CC00398XX20-123100
CC00076XX11-28700,CC00403XX07-124400
CC00076XX11-28700,CC00405XX09-124900
CC00076XX11-28700,CC00413XX09-127100
CC00076XX11-28700,CC00415XX11-127400
CC00076XX11-28700,CC00446XX18-135200
CC00076XX11-28700,CC00453XX08-136600
CC00076XX11-28700,CC00472XX11-140000
CC00076XX11-28700,CC00473XX12-140100
CC00076XX11-28700,CC00474XX13-140500
CC00076XX11-28700,CC00484XX15-142700
CC00076XX11-28700,CC00486XX17-144300
CC00076XX11-28700,CC00502XX07-146700
CC00076XX11-28700,CC00508XX13-148700
CC00076XX11-28700,CC00509XX14-148800
CC00076XX11-28700,CC00549XX22-157600
CC00076XX11-28700,CC00550XX06-157800
CC00076XX11-28700,CC00552XX08-159300
CC00076XX11-28700,CC00553XX09-159000
CC00076XX11-28700,CC00584XX16-178800
CC00076XX11-28700,CC00585XX17-178900
CC00076XX11-28700,CC00586XX18-179000
CC00080XX07-30300,CC00095XX14-33501
CC00080XX07-30300,CC00100XX01-35000
CC00080XX07-30300,CC00101XX02-35001
CC00080XX07-30300,CC00106XX07-36100
CC00080XX07-30300,CC00109XX10-36901
CC00080XX07-30300,CC00116XX09-38001
CC00080XX07-30300,CC00126XX11-43100
CC00080XX07-30300,CC00131XX08-44200
CC00080XX07-30300,CC00138XX15-46200
CC00080XX07-30300,CC00143AN12-47501
CC00080XX07-30300,CC00143BN12-47600
CC00080XX07-30300,CC00145XX14-48100
CC00080XX07-30300,CC00149XX18-49000
CC00080XX07-30300,CC00157XX09-51900
CC00080XX07-30300,CC00164XX08-54000
CC00080XX07-30300,CC00179XX15-58800
CC00080XX07-30300,CC00183XX11-60300
CC00080XX07-30300,CC00189XX17-62301
CC00080XX07-30300,CC00193XX13-64400
CC00080XX07-30300,CC00198XX18-66600
CC00080XX07-30300,CC00199XX19-66700
CC00080XX07-30300,CC00203XX05-69500
CC00080XX07-30300,CC00206XX08-70100
CC00080XX07-30300,CC00207XX09-88700
CC00080XX07-30300,CC00217XX11-73700
CC00080XX07-30300,CC00268XX13-87800
CC00080XX07-30300,CC00300XX03-96000
CC00080XX07-30300,CC00304XX07-111600
CC00080XX07-30300,CC00308XX11-98900
CC00080XX07-30300,CC00314XX09-100101
CC00080XX07-30300,CC00321XX08-102700
CC00080XX07-30300,CC00329XX16-105400
CC00080XX07-30300,CC00345XX16-109000
CC00080XX07-30300,CC00398XX20-123100
CC00080XX07-30300,CC00403XX07-124400
CC00080XX07-30300,CC00405XX09-124900
CC00080XX07-30300,CC00413XX09-127100
CC00080XX07-30300,CC00415XX11-127400
CC00080XX07-30300,CC00446XX18-135200
CC00080XX07-30300,CC00453XX08-136600
CC00080XX07-30300,CC00472XX11-140000
CC00080XX07-30300,CC00473XX12-140100
CC00080XX07-30300,CC00474XX13-140500
CC00080XX07-30300,CC00484XX15-142700
CC00080XX07-30300,CC00486XX17-144300
CC00080XX07-30300,CC00502XX07-146700
CC00080XX07-30300,CC00508XX13-148700
CC00080XX07-30300,CC00509XX14-148800
CC00080XX07-30300,CC00549XX22-157600
CC00080XX07-30300,CC00550XX06-157800
CC00080XX07-30300,CC00552XX08-159300
CC00080XX07-30300,CC00553XX09-159000
CC00080XX07-30300,CC00584XX16-178800
CC00080XX07-30300,CC00585XX17-178900
CC00080XX07-30300,CC00586XX18-179000
CC00095XX14-33501,CC00100XX01-35000
CC00095XX14-33501,CC00101XX02-35001
CC00095XX14-33501,CC00106XX07-36100
CC00095XX14-33501,CC00109XX10-36901
CC00095XX14-33501,CC00116XX09-38001
CC00095XX14-33501,CC00126XX11-43100
CC00095XX14-33501,CC00131XX08-44200
CC00095XX14-33501,CC00138XX15-46200
CC00095XX14-33501,CC00143AN12-47501
CC00095XX14-33501,CC00143BN12-47600
CC00095XX14-33501,CC00145XX14-48100
CC00095XX14-33501,CC00149XX18-49000
CC00095XX14-33501,CC00157XX09-51900
CC00095XX14-33501,CC00164XX08-54000
CC00095XX14-33501,CC00179XX15-58800
CC00095XX14-33501,CC00183XX11-60300
CC00095XX14-33501,CC00189XX17-62301
CC00095XX14-33501,CC00193XX13-64400
CC00095XX14-33501,CC00198XX18-66600
CC00095XX14-33501,CC00199XX19-66700
CC00095XX14-33501,CC00203XX05-69500
CC00095XX14-33501,CC00206XX08-70100
CC00095XX14-33501,CC00207XX09-88700
CC00095XX14-33501,CC00217XX11-73700
CC00095XX14-33501,CC00268XX13-87800
CC00095XX14-33501,CC00300XX03-96000
CC00095XX14-33501,CC00304XX07-111600
CC00095XX14-33501,CC00308XX11-98900
CC00095XX14-33501,CC00314XX09-100101
CC00095XX14-33501,CC00321XX08-102700
CC00095XX14-33501,CC00329XX16-105400
CC00095XX14-33501,CC00345XX16-109000
CC00095XX14-33501,CC00398XX20-123100
CC00095XX14-33501,CC00403XX07-124400
CC00095XX14-33501,CC00405XX09-124900
CC00095XX14-33501,CC00413XX09-127100
CC00095XX14-33501,CC00415XX11-127400
CC00095XX14-33501,CC00446XX18-135200
CC00095XX14-33501,CC00453XX08-136600
CC00095XX14-33501,CC00472XX11-140000
CC00095XX14-33501,CC00473XX12-140100
CC00095XX14-33501,CC00474XX13-140500
CC00095XX14-33501,CC00484XX15-142700
CC00095XX14-33501,CC00486XX17-144300
CC00095XX14-33501,CC00502XX07-146700
CC00095XX14-33501,CC00508XX13-148700
CC00095XX14-33501,CC00509XX14-148800
CC00095XX14-33501,CC00549XX22-157600
CC00095XX14-33501,CC00550XX06-157800
CC00095XX14-33501,CC00552XX08-159300
CC00095XX14-33501,CC00553XX09-159000
CC00095XX14-33501,CC00584XX16-178800
CC00095XX14-33501,CC00585XX17-178900
CC00095XX14-33501,CC00586XX18-179000
CC00100XX01-35000,CC00101XX02-35001
CC00100XX01-35000,CC00106XX07-36100
CC00100XX01-35000,CC00109XX10-36901
CC00100XX01-35000,CC00116XX09-38001
CC00100XX01-35000,CC00126XX11-43100
CC00100XX01-35000,CC00131XX08-44200
CC00100XX01-35000,CC00138XX15-46200
CC00100XX01-35000,CC00143AN12-47501
CC00100XX01-35000,CC00143BN12-47600
CC00100XX01-35000,CC00145XX14-48100
CC00100XX01-35000,CC00149XX18-49000
CC00100XX01-35000,CC00157XX09-51900
CC00100XX01-35000,CC00164XX08-54000
CC00100XX01-35000,CC00179XX15-58800
CC00100XX01-35000,CC00183XX11-60300
CC00100XX01-35000,CC00189XX17-62301
CC00100XX01-35000,CC00193XX13-64400
CC00100XX01-35000,CC00198XX18-66600
CC00100XX01-35000,CC00199XX19-66700
CC00100XX01-35000,CC00203XX05-69500
CC00100XX01-35000,CC00206XX08-70100
CC00100XX01-35000,CC00207XX09-88700
CC00100XX01-35000,CC00217XX11-73700
CC00100XX01-35000,CC00268XX13-87800
CC00100XX01-35000,CC00300XX03-96000
CC00100XX01-35000,CC00304XX07-111600
CC00100XX01-35000,CC00308XX11-98900
CC00100XX01-35000,CC00314XX09-100101
CC00100XX01-35000,CC00321XX08-102700
CC00100XX01-35000,CC00329XX16-105400
CC00100XX01-35000,CC00345XX16-109000
CC00100XX01-35000,CC00398XX20-123100
CC00100XX01-35000,CC00403XX07-124400
CC00100XX01-35000,CC00405XX09-124900
CC00100XX01-35000,CC00413XX09-127100
CC00100XX01-35000,CC00415XX11-127400
CC00100XX01-35000,CC00446XX18-135200
CC00100XX01-35000,CC00453XX08-136600
CC00100XX01-35000,CC00472XX11-140000
CC00100XX01-35000,CC00473XX12-140100
CC00100XX01-35000,CC00474XX13-140500
CC00100XX01-35000,CC00484XX15-142700
CC00100XX01-35000,CC00486XX17-144300
CC00100XX01-35000,CC00502XX07-146700
CC00100XX01-35000,CC00508XX13-148700
CC00100XX01-35000,CC00509XX14-148800
CC00100XX01-35000,CC00549XX22-157600
CC00100XX01-35000,CC00550XX06-157800
CC00100XX01-35000,CC00552XX08-159300
CC00100XX01-35000,CC00553XX09-159000
CC00100XX01-35000,CC00584XX16-178800
CC00100XX01-35000,CC00585XX17-178900
CC00100XX01-35000,CC00586XX18-179000
CC00101XX02-35001,CC00106XX07-36100
CC00101XX02-35001,CC00109XX10-36901
CC00101XX02-35001,CC00116XX09-38001
CC00101XX02-35001,CC00126XX11-43100
CC00101XX02-35001,CC00131XX08-44200
CC00101XX02-35001,CC00138XX15-46200
CC00101XX02-35001,CC00143AN12-47501
CC00101XX02-35001,CC00143BN12-47600
CC00101XX02-35001,CC00145XX14-48100
CC00101XX02-35001,CC00149XX18-49000
CC00101XX02-35001,CC00157XX09-51900
CC00101XX02-35001,CC00164XX08-54000
CC00101XX02-35001,CC00179XX15-58800
CC00101XX02-35001,CC00183XX11-60300
CC00101XX02-35001,CC00189XX17-62301
CC00101XX02-35001,CC00193XX13-64400
CC00101XX02-35001,CC00198XX18-66600
CC00101XX02-35001,CC00199XX19-66700
CC00101XX02-35001,CC00203XX05-69500
CC00101XX02-35001,CC00206XX08-70100
CC00101XX02-35001,CC00207XX09-88700
CC00101XX02-35001,CC00217XX11-73700
CC00101XX02-35001,CC00268XX13-87800
CC00101XX02-35001,CC00300XX03-96000
CC00101XX02-35001,CC00304XX07-111600
CC00101XX02-35001,CC00308XX11-98900
CC00101XX02-35001,CC00314XX09-100101
CC00101XX02-35001,CC00321XX08-102700
CC00101XX02-35001,CC00329XX16-105400
CC00101XX02-35001,CC00345XX16-109000
CC00101XX02-35001,CC00398XX20-123100
CC00101XX02-35001,CC00403XX07-124400
CC00101XX02-35001,CC00405XX09-124900
CC00101XX02-35001,CC00413XX09-127100
CC00101XX02-35001,CC00415XX11-127400
CC00101XX02-35001,CC00446XX18-135200
CC00101XX02-35001,CC00453XX08-136600
CC00101XX02-35001,CC00472XX11-140000
CC00101XX02-35001,CC00473XX12-140100
CC00101XX02-35001,CC00474XX13-140500
CC00101XX02-35001,CC00484XX15-142700
CC00101XX02-35001,CC00486XX17-144300
CC00101XX02-35001,CC00502XX07-146700
CC00101XX02-35001,CC00508XX13-148700
CC00101XX02-35001,CC00509XX14-148800
CC00101XX02-35001,CC00549XX22-157600
CC00101XX02-35001,CC00550XX06-157800
CC00101XX02-35001,CC00552XX08-159300
CC00101XX02-35001,CC00553XX09-159000
CC00101XX02-35001,CC00584XX16-178800
CC00101XX02-35001,CC00585XX17-178900
CC00101XX02-35001,CC00586XX18-179000
CC00106XX07-36100,CC00109XX10-36901
CC00106XX07-36100,CC00116XX09-38001
CC00106XX07-36100,CC00126XX11-43100
CC00106XX07-36100,CC00131XX08-44200
CC00106XX07-36100,CC00138XX15-46200
CC00106XX07-36100,CC00143AN12-47501
CC00106XX07-36100,CC00143BN12-47600
CC00106XX07-36100,CC00145XX14-48100
CC00106XX07-36100,CC00149XX18-49000
CC00106XX07-36100,CC00157XX09-51900
CC00106XX07-36100,CC00164XX08-54000
CC00106XX07-36100,CC00179XX15-58800
CC00106XX07-36100,CC00183XX11-60300
CC00106XX07-36100,CC00189XX17-62301
CC00106XX07-36100,CC00193XX13-64400
CC00106XX07-36100,CC00198XX18-66600
CC00106XX07-36100,CC00199XX19-66700
CC00106XX07-36100,CC00203XX05-69500
CC00106XX07-36100,CC00206XX08-70100
CC00106XX07-36100,CC00207XX09-88700
CC00106XX07-36100,CC00217XX11-73700
CC00106XX07-36100,CC00268XX13-87800
CC00106XX07-36100,CC00300XX03-96000
CC00106XX07-36100,CC00304XX07-111600
CC00106XX07-36100,CC00308XX11-98900
CC00106XX07-36100,CC00314XX09-100101
CC00106XX07-36100,CC00321XX08-102700
CC00106XX07-36100,CC00329XX16-105400
CC00106XX07-36100,CC00345XX16-109000
CC00106XX07-36100,CC00398XX20-123100
CC00106XX07-36100,CC00403XX07-124400
CC00106XX07-36100,CC00405XX09-124900
CC00106XX07-36100,CC00413XX09-127100
CC00106XX07-36100,CC00415XX11-127400
CC00106XX07-36100,CC00446XX18-135200
CC00106XX07-36100,CC00453XX08-136600
CC00106XX07-36100,CC00472XX11-140000
CC00106XX07-36100,CC00473XX12-140100
CC00106XX07-36100,CC00474XX13-140500
CC00106XX07-36100,CC00484XX15-142700
CC00106XX07-36100,CC00486XX17-144300
CC00106XX07-36100,CC00502XX07-146700
CC00106XX07-36100,CC00508XX13-148700
CC00106XX07-36100,CC00509XX14-148800
CC00106XX07-36100,CC00549XX22-157600
CC00106XX07-36100,CC00550XX06-157800
CC00106XX07-36100,CC00552XX08-159300
CC00106XX07-36100,CC00553XX09-159000
CC00106XX07-36100,CC00584XX16-178800
CC00106XX07-36100,CC00585XX17-178900
CC00106XX07-36100,CC00586XX18-179000
CC00109XX10-36901,CC00116XX09-38001
CC00109XX10-36901,CC00126XX11-43100
CC00109XX10-36901,CC00131XX08-44200
CC00109XX10-36901,CC00138XX15-46200
CC00109XX10-36901,CC00143AN12-47501
CC00109XX10-36901,CC00143BN12-47600
CC00109XX10-36901,CC00145XX14-48100
CC00109XX10-36901,CC00149XX18-49000
CC00109XX10-36901,CC00157XX09-51900
CC00109XX10-36901,CC00164XX08-54000
CC00109XX10-36901,CC00179XX15-58800
CC00109XX10-36901,CC00183XX11-60300
CC00109XX10-36901,CC00189XX17-62301
CC00109XX10-36901,CC00193XX13-64400
CC00109XX10-36901,CC00198XX18-66600
CC00109XX10-36901,CC00199XX19-66700
CC00109XX10-36901,CC00203XX05-69500
CC00109XX10-36901,CC00206XX08-70100
CC00109XX10-36901,CC00207XX09-88700
CC00109XX10-36901,CC00217XX11-73700
CC00109XX10-36901,CC00268XX13-87800
CC00109XX10-36901,CC00300XX03-96000
CC00109XX10-36901,CC00304XX07-111600
CC00109XX10-36901,CC00308XX11-98900
CC00109XX10-36901,CC00314XX09-100101
CC00109XX10-36901,CC00321XX08-102700
CC00109XX10-36901,CC00329XX16-105400
CC00109XX10-36901,CC00345XX16-109000
CC00109XX10-36901,CC00398XX20-123100
CC00109XX10-36901,CC00403XX07-124400
CC00109XX10-36901,CC00405XX09-124900
CC00109XX10-36901,CC00413XX09-127100
CC00109XX10-36901,CC00415XX11-127400
CC00109XX10-36901,CC00446XX18-135200
CC00109XX10-36901,CC00453XX08-136600
CC00109XX10-36901,CC00472XX11-140000
CC00109XX10-36901,CC00473XX12-140100
CC00109XX10-36901,CC00474XX13-140500
CC00109XX10-36901,CC00484XX15-142700
CC00109XX10-36901,CC00486XX17-144300
CC00109XX10-36901,CC00502XX07-146700
CC00109XX10-36901,CC00508XX13-148700
CC00109XX10-36901,CC00509XX14-148800
CC00109XX10-36901,CC00549XX22-157600
CC00109XX10-36901,CC00550XX06-157800
CC00109XX10-36901,CC00552XX08-159300
CC00109XX10-36901,CC00553XX09-159000
CC00109XX10-36901,CC00584XX16-178800
CC00109XX10-36901,CC00585XX17-178900
CC00109XX10-36901,CC00586XX18-179000
CC00116XX09-38001,CC00126XX11-43100
CC00116XX09-38001,CC00131XX08-44200
CC00116XX09-38001,CC00138XX15-46200
CC00116XX09-38001,CC00143AN12-47501
CC00116XX09-38001,CC00143BN12-47600
CC00116XX09-38001,CC00145XX14-48100
CC00116XX09-38001,CC00149XX18-49000
CC00116XX09-38001,CC00157XX09-51900
CC00116XX09-38001,CC00164XX08-54000
CC00116XX09-38001,CC00179XX15-58800
CC00116XX09-38001,CC00183XX11-60300
CC00116XX09-38001,CC00189XX17-62301
CC00116XX09-38001,CC00193XX13-64400
CC00116XX09-38001,CC00198XX18-66600
CC00116XX09-38001,CC00199XX19-66700
CC00116XX09-38001,CC00203XX05-69500
CC00116XX09-38001,CC00206XX08-70100
CC00116XX09-38001,CC00207XX09-88700
CC00116XX09-38001,CC00217XX11-73700
CC00116XX09-38001,CC00268XX13-87800
CC00116XX09-38001,CC00300XX03-96000
CC00116XX09-38001,CC00304XX07-111600
CC00116XX09-38001,CC00308XX11-98900
CC00116XX09-38001,CC00314XX09-100101
CC00116XX09-38001,CC00321XX08-102700
CC00116XX09-38001,CC00329XX16-105400
CC00116XX09-38001,CC00345XX16-109000
CC00116XX09-38001,CC00398XX20-123100
CC00116XX09-38001,CC00403XX07-124400
CC00116XX09-38001,CC00405XX09-124900
CC00116XX09-38001,CC00413XX09-127100
CC00116XX09-38001,CC00415XX11-127400
CC00116XX09-38001,CC00446XX18-135200
CC00116XX09-38001,CC00453XX08-136600
CC00116XX09-38001,CC00472XX11-140000
CC00116XX09-38001,CC00473XX12-140100
CC00116XX09-38001,CC00474XX13-140500
CC00116XX09-38001,CC00484XX15-142700
CC00116XX09-38001,CC00486XX17-144300
CC00116XX09-38001,CC00502XX07-146700
CC00116XX09-38001,CC00508XX13-148700
CC00116XX09-38001,CC00509XX14-148800
CC00116XX09-38001,CC00549XX22-157600
CC00116XX09-38001,CC00550XX06-157800
CC00116XX09-38001,CC00552XX08-159300
CC00116XX09-38001,CC00553XX09-159000
CC00116XX09-38001,CC00584XX16-178800
CC00116XX09-38001,CC00585XX17-178900
CC00116XX09-38001,CC00586XX18-179000
CC00126XX11-43100,CC00131XX08-44200
CC00126XX11-43100,CC00138XX15-46200
CC00126XX11-43100,CC00143AN12-47501
CC00126XX11-43100,CC00143BN12-47600
CC00126XX11-43100,CC00145XX14-48100
CC00126XX11-43100,CC00149XX18-49000
CC00126XX11-43100,CC00157XX09-51900
CC00126XX11-43100,CC00164XX08-54000
CC00126XX11-43100,CC00179XX15-58800
CC00126XX11-43100,CC00183XX11-60300
CC00126XX11-43100,CC00189XX17-62301
CC00126XX11-43100,CC00193XX13-64400
CC00126XX11-43100,CC00198XX18-66600
CC00126XX11-43100,CC00199XX19-66700
CC00126XX11-43100,CC00203XX05-69500
CC00126XX11-43100,CC00206XX08-70100
CC00126XX11-43100,CC00207XX09-88700
CC00126XX11-43100,CC00217XX11-73700
CC00126XX11-43100,CC00268XX13-87800
CC00126XX11-43100,CC00300XX03-96000
CC00126XX11-43100,CC00304XX07-111600
CC00126XX11-43100,CC00308XX11-98900
CC00126XX11-43100,CC00314XX09-100101
CC00126XX11-43100,CC00321XX08-102700
CC00126XX11-43100,CC00329XX16-105400
CC00126XX11-43100,CC00345XX16-109000
CC00126XX11-43100,CC00398XX20-123100
CC00126XX11-43100,CC00403XX07-124400
CC00126XX11-43100,CC00405XX09-124900
CC00126XX11-43100,CC00413XX09-127100
CC00126XX11-43100,CC00415XX11-127400
CC00126XX11-43100,CC00446XX18-135200
CC00126XX11-43100,CC00453XX08-136600
CC00126XX11-43100,CC00472XX11-140000
CC00126XX11-43100,CC00473XX12-140100
CC00126XX11-43100,CC00474XX13-140500
CC00126XX11-43100,CC00484XX15-142700
CC00126XX11-43100,CC00486XX17-144300
CC00126XX11-43100,CC00502XX07-146700
CC00126XX11-43100,CC00508XX13-148700
CC00126XX11-43100,CC00509XX14-148800
CC00126XX11-43100,CC00549XX22-157600
CC00126XX11-43100,CC00550XX06-157800
CC00126XX11-43100,CC00552XX08-159300
CC00126XX11-43100,CC00553XX09-159000
CC00126XX11-43100,CC00584XX16-178800
CC00126XX11-43100,CC00585XX17-178900
CC00126XX11-43100,CC00586XX18-179000
CC00131XX08-44200,CC00138XX15-46200
CC00131XX08-44200,CC00143AN12-47501
CC00131XX08-44200,CC00143BN12-47600
CC00131XX08-44200,CC00145XX14-48100
CC00131XX08-44200,CC00149XX18-49000
CC00131XX08-44200,CC00157XX09-51900
CC00131XX08-44200,CC00164XX08-54000
CC00131XX08-44200,CC00179XX15-58800
CC00131XX08-44200,CC00183XX11-60300
CC00131XX08-44200,CC00189XX17-62301
CC00131XX08-44200,CC00193XX13-64400
CC00131XX08-44200,CC00198XX18-66600
CC00131XX08-44200,CC00199XX19-66700
CC00131XX08-44200,CC00203XX05-69500
CC00131XX08-44200,CC00206XX08-70100
CC00131XX08-44200,CC00207XX09-88700
CC00131XX08-44200,CC00217XX11-73700
CC00131XX08-44200,CC00268XX13-87800
CC00131XX08-44200,CC00300XX03-96000
CC00131XX08-44200,CC00304XX07-111600
CC00131XX08-44200,CC00308XX11-98900
CC00131XX08-44200,CC00314XX09-100101
CC00131XX08-44200,CC00321XX08-102700
CC00131XX08-44200,CC00329XX16-105400
CC00131XX08-44200,CC00345XX16-109000
CC00131XX08-44200,CC00398XX20-123100
CC00131XX08-44200,CC00403XX07-124400
CC00131XX08-44200,CC00405XX09-124900
CC00131XX08-44200,CC00413XX09-127100
CC00131XX08-44200,CC00415XX11-127400
CC00131XX08-44200,CC00446XX18-135200
CC00131XX08-44200,CC00453XX08-136600
CC00131XX08-44200,CC00472XX11-140000
CC00131XX08-44200,CC00473XX12-140100
CC00131XX08-44200,CC00474XX13-140500
CC00131XX08-44200,CC00484XX15-142700
CC00131XX08-44200,CC00486XX17-144300
CC00131XX08-44200,CC00502XX07-146700
CC00131XX08-44200,CC00508XX13-148700
CC00131XX08-44200,CC00509XX14-148800
CC00131XX08-44200,CC00549XX22-157600
CC00131XX08-44200,CC00550XX06-157800
CC00131XX08-44200,CC00552XX08-159300
CC00131XX08-44200,CC00553XX09-159000
CC00131XX08-44200,CC00584XX16-178800
CC00131XX08-44200,CC00585XX17-178900
CC00131XX08-44200,CC00586XX18-179000
CC00138XX15-46200,CC00143AN12-47501
CC00138XX15-46200,CC00143BN12-47600
CC00138XX15-46200,CC00145XX14-48100
CC00138XX15-46200,CC00149XX18-49000
CC00138XX15-46200,CC00157XX09-51900
CC00138XX15-46200,CC00164XX08-54000
CC00138XX15-46200,CC00179XX15-58800
CC00138XX15-46200,CC00183XX11-60300
CC00138XX15-46200,CC00189XX17-62301
CC00138XX15-46200,CC00193XX13-64400
CC00138XX15-46200,CC00198XX18-66600
CC00138XX15-46200,CC00199XX19-66700
CC00138XX15-46200,CC00203XX05-69500
CC00138XX15-46200,CC00206XX08-70100
CC00138XX15-46200,CC00207XX09-88700
CC00138XX15-46200,CC00217XX11-73700
CC00138XX15-46200,CC00268XX13-87800
CC00138XX15-46200,CC00300XX03-96000
CC00138XX15-46200,CC00304XX07-111600
CC00138XX15-46200,CC00308XX11-98900
CC00138XX15-46200,CC00314XX09-100101
CC00138XX15-46200,CC00321XX08-102700
CC00138XX15-46200,CC00329XX16-105400
CC00138XX15-46200,CC00345XX16-109000
CC00138XX15-46200,CC00398XX20-123100
CC00138XX15-46200,CC00403XX07-124400
CC00138XX15-46200,CC00405XX09-124900
CC00138XX15-46200,CC00413XX09-127100
CC00138XX15-46200,CC00415XX11-127400
CC00138XX15-46200,CC00446XX18-135200
CC00138XX15-46200,CC00453XX08-136600
CC00138XX15-46200,CC00472XX11-140000
CC00138XX15-46200,CC00473XX12-140100
CC00138XX15-46200,CC00474XX13-140500
CC00138XX15-46200,CC00484XX15-142700
CC00138XX15-46200,CC00486XX17-144300
CC00138XX15-46200,CC00502XX07-146700
CC00138XX15-46200,CC00508XX13-148700
CC00138XX15-46200,CC00509XX14-148800
CC00138XX15-46200,CC00549XX22-157600
CC00138XX15-46200,CC00550XX06-157800
CC00138XX15-46200,CC00552XX08-159300
CC00138XX15-46200,CC00553XX09-159000
CC00138XX15-46200,CC00584XX16-178800
CC00138XX15-46200,CC00585XX17-178900
CC00138XX15-46200,CC00586XX18-179000
CC00143AN12-47501,CC00143BN12-47600
CC00143AN12-47501,CC00145XX14-48100
CC00143AN12-47501,CC00149XX18-49000
CC00143AN12-47501,CC00157XX09-51900
CC00143AN12-47501,CC00164XX08-54000
CC00143AN12-47501,CC00179XX15-58800
CC00143AN12-47501,CC00183XX11-60300
CC00143AN12-47501,CC00189XX17-62301
CC00143AN12-47501,CC00193XX13-64400
CC00143AN12-47501,CC00198XX18-66600
CC00143AN12-47501,CC00199XX19-66700
CC00143AN12-47501,CC00203XX05-69500
CC00143AN12-47501,CC00206XX08-70100
CC00143AN12-47501,CC00207XX09-88700
CC00143AN12-47501,CC00217XX11-73700
CC00143AN12-47501,CC00268XX13-87800
CC00143AN12-47501,CC00300XX03-96000
CC00143AN12-47501,CC00304XX07-111600
CC00143AN12-47501,CC00308XX11-98900
CC00143AN12-47501,CC00314XX09-100101
CC00143AN12-47501,CC00321XX08-102700
CC00143AN12-47501,CC00329XX16-105400
CC00143AN12-47501,CC00345XX16-109000
CC00143AN12-47501,CC00398XX20-123100
CC00143AN12-47501,CC00403XX07-124400
CC00143AN12-47501,CC00405XX09-124900
CC00143AN12-47501,CC00413XX09-127100
CC00143AN12-47501,CC00415XX11-127400
CC00143AN12-47501,CC00446XX18-135200
CC00143AN12-47501,CC00453XX08-136600
CC00143AN12-47501,CC00472XX11-140000
CC00143AN12-47501,CC00473XX12-140100
CC00143AN12-47501,CC00474XX13-140500
CC00143AN12-47501,CC00484XX15-142700
CC00143AN12-47501,CC00486XX17-144300
CC00143AN12-47501,CC00502XX07-146700
CC00143AN12-47501,CC00508XX13-148700
CC00143AN12-47501,CC00509XX14-148800
CC00143AN12-47501,CC00549XX22-157600
CC00143AN12-47501,CC00550XX06-157800
CC00143AN12-47501,CC00552XX08-159300
CC00143AN12-47501,CC00553XX09-159000
CC00143AN12-47501,CC00584XX16-178800
CC00143AN12-47501,CC00585XX17-178900
CC00143AN12-47501,CC00586XX18-179000
CC00143BN12-47600,CC00145XX14-48100
CC00143BN12-47600,CC00149XX18-49000
CC00143BN12-47600,CC00157XX09-51900
CC00143BN12-47600,CC00164XX08-54000
CC00143BN12-47600,CC00179XX15-58800
CC00143BN12-47600,CC00183XX11-60300
CC00143BN12-47600,CC00189XX17-62301
CC00143BN12-47600,CC00193XX13-64400
CC00143BN12-47600,CC00198XX18-66600
CC00143BN12-47600,CC00199XX19-66700
CC00143BN12-47600,CC00203XX05-69500
CC00143BN12-47600,CC00206XX08-70100
CC00143BN12-47600,CC00207XX09-88700
CC00143BN12-47600,CC00217XX11-73700
CC00143BN12-47600,CC00268XX13-87800
CC00143BN12-47600,CC00300XX03-96000
CC00143BN12-47600,CC00304XX07-111600
CC00143BN12-47600,CC00308XX11-98900
CC00143BN12-47600,CC00314XX09-100101
CC00143BN12-47600,CC00321XX08-102700
CC00143BN12-47600,CC00329XX16-105400
CC00143BN12-47600,CC00345XX16-109000
CC00143BN12-47600,CC00398XX20-123100
CC00143BN12-47600,CC00403XX07-124400
CC00143BN12-47600,CC00405XX09-124900
CC00143BN12-47600,CC00413XX09-127100
CC00143BN12-47600,CC00415XX11-127400
CC00143BN12-47600,CC00446XX18-135200
CC00143BN12-47600,CC00453XX08-136600
CC00143BN12-47600,CC00472XX11-140000
CC00143BN12-47600,CC00473XX12-140100
CC00143BN12-47600,CC00474XX13-140500
CC00143BN12-47600,CC00484XX15-142700
CC00143BN12-47600,CC00486XX17-144300
CC00143BN12-47600,CC00502XX07-146700
CC00143BN12-47600,CC00508XX13-148700
CC00143BN12-47600,CC00509XX14-148800
CC00143BN12-47600,CC00549XX22-157600
CC00143BN12-47600,CC00550XX06-157800
CC00143BN12-47600,CC00552XX08-159300
CC00143BN12-47600,CC00553XX09-159000
CC00143BN12-47600,CC00584XX16-178800
CC00143BN12-47600,CC00585XX17-178900
CC00143BN12-47600,CC00586XX18-179000
CC00145XX14-48100,CC00149XX18-49000
CC00145XX14-48100,CC00157XX09-51900
CC00145XX14-48100,CC00164XX08-54000
CC00145XX14-48100,CC00179XX15-58800
CC00145XX14-48100,CC00183XX11-60300
CC00145XX14-48100,CC00189XX17-62301
CC00145XX14-48100,CC00193XX13-64400
CC00145XX14-48100,CC00198XX18-66600
CC00145XX14-48100,CC00199XX19-66700
CC00145XX14-48100,CC00203XX05-69500
CC00145XX14-48100,CC00206XX08-70100
CC00145XX14-48100,CC00207XX09-88700
CC00145XX14-48100,CC00217XX11-73700
CC00145XX14-48100,CC00268XX13-87800
CC00145XX14-48100,CC00300XX03-96000
CC00145XX14-48100,CC00304XX07-111600
CC00145XX14-48100,CC00308XX11-98900
CC00145XX14-48100,CC00314XX09-100101
CC00145XX14-48100,CC00321XX08-102700
CC00145XX14-48100,CC00329XX16-105400
CC00145XX14-48100,CC00345XX16-109000
CC00145XX14-48100,CC00398XX20-123100
CC00145XX14-48100,CC00403XX07-124400
CC00145XX14-48100,CC00405XX09-124900
CC00145XX14-48100,CC00413XX09-127100
CC00145XX14-48100,CC00415XX11-127400
CC00145XX14-48100,CC00446XX18-135200
CC00145XX14-48100,CC00453XX08-136600
CC00145XX14-48100,CC00472XX11-140000
CC00145XX14-48100,CC00473XX12-140100
CC00145XX14-48100,CC00474XX13-140500
CC00145XX14-48100,CC00484XX15-142700
CC00145XX14-48100,CC00486XX17-144300
CC00145XX14-48100,CC00502XX07-146700
CC00145XX14-48100,CC00508XX13-148700
CC00145XX14-48100,CC00509XX14-148800
CC00145XX14-48100,CC00549XX22-157600
CC00145XX14-48100,CC00550XX06-157800
CC00145XX14-48100,CC00552XX08-159300
CC00145XX14-48100,CC00553XX09-159000
CC00145XX14-48100,CC00584XX16-178800
CC00145XX14-48100,CC00585XX17-178900
CC00145XX14-48100,CC00586XX18-179000
CC00149XX18-49000,CC00157XX09-51900
CC00149XX18-49000,CC00164XX08-54000
CC00149XX18-49000,CC00179XX15-58800
CC00149XX18-49000,CC00183XX11-60300
CC00149XX18-49000,CC00189XX17-62301
CC00149XX18-49000,CC00193XX13-64400
CC00149XX18-49000,CC00198XX18-66600
CC00149XX18-49000,CC00199XX19-66700
CC00149XX18-49000,CC00203XX05-69500
CC00149XX18-49000,CC00206XX08-70100
CC00149XX18-49000,CC00207XX09-88700
CC00149XX18-49000,CC00217XX11-73700
CC00149XX18-49000,CC00268XX13-87800
CC00149XX18-49000,CC00300XX03-96000
CC00149XX18-49000,CC00304XX07-111600
CC00149XX18-49000,CC00308XX11-98900
CC00149XX18-49000,CC00314XX09-100101
CC00149XX18-49000,CC00321XX08-102700
CC00149XX18-49000,CC00329XX16-105400
CC00149XX18-49000,CC00345XX16-109000
CC00149XX18-49000,CC00398XX20-123100
CC00149XX18-49000,CC00403XX07-124400
CC00149XX18-49000,CC00405XX09-124900
CC00149XX18-49000,CC00413XX09-127100
CC00149XX18-49000,CC00415XX11-127400
CC00149XX18-49000,CC00446XX18-135200
CC00149XX18-49000,CC00453XX08-136600
CC00149XX18-49000,CC00472XX11-140000
CC00149XX18-49000,CC00473XX12-140100
CC00149XX18-49000,CC00474XX13-140500
CC00149XX18-49000,CC00484XX15-142700
CC00149XX18-49000,CC00486XX17-144300
CC00149XX18-49000,CC00502XX07-146700
CC00149XX18-49000,CC00508XX13-148700
CC00149XX18-49000,CC00509XX14-148800
CC00149XX18-49000,CC00549XX22-157600
CC00149XX18-49000,CC00550XX06-157800
CC00149XX18-49000,CC00552XX08-159300
CC00149XX18-49000,CC00553XX09-159000
CC00149XX18-49000,CC00584XX16-178800
CC00149XX18-49000,CC00585XX17-178900
CC00149XX18-49000,CC00586XX18-179000
CC00157XX09-51900,CC00164XX08-54000
CC00157XX09-51900,CC00179XX15-58800
CC00157XX09-51900,CC00183XX11-60300
CC00157XX09-51900,CC00189XX17-62301
CC00157XX09-51900,CC00193XX13-64400
CC00157XX09-51900,CC00198XX18-66600
CC00157XX09-51900,CC00199XX19-66700
CC00157XX09-51900,CC00203XX05-69500
CC00157XX09-51900,CC00206XX08-70100
CC00157XX09-51900,CC00207XX09-88700
CC00157XX09-51900,CC00217XX11-73700
CC00157XX09-51900,CC00268XX13-87800
CC00157XX09-51900,CC00300XX03-96000
CC00157XX09-51900,CC00304XX07-111600
CC00157XX09-51900,CC00308XX11-98900
CC00157XX09-51900,CC00314XX09-100101
CC00157XX09-51900,CC00321XX08-102700
CC00157XX09-51900,CC00329XX16-105400
CC00157XX09-51900,CC00345XX16-109000
CC00157XX09-51900,CC00398XX20-123100
CC00157XX09-51900,CC00403XX07-124400
CC00157XX09-51900,CC00405XX09-124900
CC00157XX09-51900,CC00413XX09-127100
CC00157XX09-51900,CC00415XX11-127400
CC00157XX09-51900,CC00446XX18-135200
CC00157XX09-51900,CC00453XX08-136600
CC00157XX09-51900,CC00472XX11-140000
CC00157XX09-51900,CC00473XX12-140100
CC00157XX09-51900,CC00474XX13-140500
CC00157XX09-51900,CC00484XX15-142700
CC00157XX09-51900,CC00486XX17-144300
CC00157XX09-51900,CC00502XX07-146700
CC00157XX09-51900,CC00508XX13-148700
CC00157XX09-51900,CC00509XX14-148800
CC00157XX09-51900,CC00549XX22-157600
CC00157XX09-51900,CC00550XX06-157800
CC00157XX09-51900,CC00552XX08-159300
CC00157XX09-51900,CC00553XX09-159000
CC00157XX09-51900,CC00584XX16-178800
CC00157XX09-51900,CC00585XX17-178900
CC00157XX09-51900,CC00586XX18-179000
CC00164XX08-54000,CC00179XX15-58800
CC00164XX08-54000,CC00183XX11-60300
CC00164XX08-54000,CC00189XX17-62301
CC00164XX08-54000,CC00193XX13-64400
CC00164XX08-54000,CC00198XX18-66600
CC00164XX08-54000,CC00199XX19-66700
CC00164XX08-54000,CC00203XX05-69500
CC00164XX08-54000,CC00206XX08-70100
CC00164XX08-54000,CC00207XX09-88700
CC00164XX08-54000,CC00217XX11-73700
CC00164XX08-54000,CC00268XX13-87800
CC00164XX08-54000,CC00300XX03-96000
CC00164XX08-54000,CC00304XX07-111600
CC00164XX08-54000,CC00308XX11-98900
CC00164XX08-54000,CC00314XX09-100101
CC00164XX08-54000,CC00321XX08-102700
CC00164XX08-54000,CC00329XX16-105400
CC00164XX08-54000,CC00345XX16-109000
CC00164XX08-54000,CC00398XX20-123100
CC00164XX08-54000,CC00403XX07-124400
CC00164XX08-54000,CC00405XX09-124900
CC00164XX08-54000,CC00413XX09-127100
CC00164XX08-54000,CC00415XX11-127400
CC00164XX08-54000,CC00446XX18-135200
CC00164XX08-54000,CC00453XX08-136600
CC00164XX08-54000,CC00472XX11-140000
CC00164XX08-54000,CC00473XX12-140100
CC00164XX08-54000,CC00474XX13-140500
CC00164XX08-54000,CC00484XX15-142700
CC00164XX08-54000,CC00486XX17-144300
CC00164XX08-54000,CC00502XX07-146700
CC00164XX08-54000,CC00508XX13-148700
CC00164XX08-54000,CC00509XX14-148800
CC00164XX08-54000,CC00549XX22-157600
CC00164XX08-54000,CC00550XX06-157800
CC00164XX08-54000,CC00552XX08-159300
CC00164XX08-54000,CC00553XX09-159000
CC00164XX08-54000,CC00584XX16-178800
CC00164XX08-54000,CC00585XX17-178900
CC00164XX08-54000,CC00586XX18-179000
CC00179XX15-58800,CC00183XX11-60300
CC00179XX15-58800,CC00189XX17-62301
CC00179XX15-58800,CC00193XX13-64400
CC00179XX15-58800,CC00198XX18-66600
CC00179XX15-58800,CC00199XX19-66700
CC00179XX15-58800,CC00203XX05-69500
CC00179XX15-58800,CC00206XX08-70100
CC00179XX15-58800,CC00207XX09-88700
CC00179XX15-58800,CC00217XX11-73700
CC00179XX15-58800,CC00268XX13-87800
CC00179XX15-58800,CC00300XX03-96000
CC00179XX15-58800,CC00304XX07-111600
CC00179XX15-58800,CC00308XX11-98900
CC00179XX15-58800,CC00314XX09-100101
CC00179XX15-58800,CC00321XX08-102700
CC00179XX15-58800,CC00329XX16-105400
CC00179XX15-58800,CC00345XX16-109000
CC00179XX15-58800,CC00398XX20-123100
CC00179XX15-58800,CC00403XX07-124400
CC00179XX15-58800,CC00405XX09-124900
CC00179XX15-58800,CC00413XX09-127100
CC00179XX15-58800,CC00415XX11-127400
CC00179XX15-58800,CC00446XX18-135200
CC00179XX15-58800,CC00453XX08-136600
CC00179XX15-58800,CC00472XX11-140000
CC00179XX15-58800,CC00473XX12-140100
CC00179XX15-58800,CC00474XX13-140500
CC00179XX15-58800,CC00484XX15-142700
CC00179XX15-58800,CC00486XX17-144300
CC00179XX15-58800,CC00502XX07-146700
CC00179XX15-58800,CC00508XX13-148700
CC00179XX15-58800,CC00509XX14-148800
CC00179XX15-58800,CC00549XX22-157600
CC00179XX15-58800,CC00550XX06-157800
CC00179XX15-58800,CC00552XX08-159300
CC00179XX15-58800,CC00553XX09-159000
CC00179XX15-58800,CC00584XX16-178800
CC00179XX15-58800,CC00585XX17-178900
CC00179XX15-58800,CC00586XX18-179000
CC00183XX11-60300,CC00189XX17-62301
CC00183XX11-60300,CC00193XX13-64400
CC00183XX11-60300,CC00198XX18-66600
CC00183XX11-60300,CC00199XX19-66700
CC00183XX11-60300,CC00203XX05-69500
CC00183XX11-60300,CC00206XX08-70100
CC00183XX11-60300,CC00207XX09-88700
CC00183XX11-60300,CC00217XX11-73700
CC00183XX11-60300,CC00268XX13-87800
CC00183XX11-60300,CC00300XX03-96000
CC00183XX11-60300,CC00304XX07-111600
CC00183XX11-60300,CC00308XX11-98900
CC00183XX11-60300,CC00314XX09-100101
CC00183XX11-60300,CC00321XX08-102700
CC00183XX11-60300,CC00329XX16-105400
CC00183XX11-60300,CC00345XX16-109000
CC00183XX11-60300,CC00398XX20-123100
CC00183XX11-60300,CC00403XX07-124400
CC00183XX11-60300,CC00405XX09-124900
CC00183XX11-60300,CC00413XX09-127100
CC00183XX11-60300,CC00415XX11-127400
CC00183XX11-60300,CC00446XX18-135200
CC00183XX11-60300,CC00453XX08-136600
CC00183XX11-60300,CC00472XX11-140000
CC00183XX11-60300,CC00473XX12-140100
CC00183XX11-60300,CC00474XX13-140500
CC00183XX11-60300,CC00484XX15-142700
CC00183XX11-60300,CC00486XX17-144300
CC00183XX11-60300,CC00502XX07-146700
CC00183XX11-60300,CC00508XX13-148700
CC00183XX11-60300,CC00509XX14-148800
CC00183XX11-60300,CC00549XX22-157600
CC00183XX11-60300,CC00550XX06-157800
CC00183XX11-60300,CC00552XX08-159300
CC00183XX11-60300,CC00553XX09-159000
CC00183XX11-60300,CC00584XX16-178800
CC00183XX11-60300,CC00585XX17-178900
CC00183XX11-60300,CC00586XX18-179000
CC00189XX17-62301,CC00193XX13-64400
CC00189XX17-62301,CC00198XX18-66600
CC00189XX17-62301,CC00199XX19-66700
CC00189XX17-62301,CC00203XX05-69500
CC00189XX17-62301,CC00206XX08-70100
CC00189XX17-62301,CC00207XX09-88700
CC00189XX17-62301,CC00217XX11-73700
CC00189XX17-62301,CC00268XX13-87800
CC00189XX17-62301,CC00300XX03-96000
CC00189XX17-62301,CC00304XX07-111600
CC00189XX17-62301,CC00308XX11-98900
CC00189XX17-62301,CC00314XX09-100101
CC00189XX17-62301,CC00321XX08-102700
CC00189XX17-62301,CC00329XX16-105400
CC00189XX17-62301,CC00345XX16-109000
CC00189XX17-62301,CC00398XX20-123100
CC00189XX17-62301,CC00403XX07-124400
CC00189XX17-62301,CC00405XX09-124900
CC00189XX17-62301,CC00413XX09-127100
CC00189XX17-62301,CC00415XX11-127400
CC00189XX17-62301,CC00446XX18-135200
CC00189XX17-62301,CC00453XX08-136600
CC00189XX17-62301,CC00472XX11-140000
CC00189XX17-62301,CC00473XX12-140100
CC00189XX17-62301,CC00474XX13-140500
CC00189XX17-62301,CC00484XX15-142700
CC00189XX17-62301,CC00486XX17-144300
CC00189XX17-62301,CC00502XX07-146700
CC00189XX17-62301,CC00508XX13-148700
CC00189XX17-62301,CC00509XX14-148800
CC00189XX17-62301,CC00549XX22-157600
CC00189XX17-62301,CC00550XX06-157800
CC00189XX17-62301,CC00552XX08-159300
CC00189XX17-62301,CC00553XX09-159000
CC00189XX17-62301,CC00584XX16-178800
CC00189XX17-62301,CC00585XX17-178900
CC00189XX17-62301,CC00586XX18-179000
CC00193XX13-64400,CC00198XX18-66600
CC00193XX13-64400,CC00199XX19-66700
CC00193XX13-64400,CC00203XX05-69500
CC00193XX13-64400,CC00206XX08-70100
CC00193XX13-64400,CC00207XX09-88700
CC00193XX13-64400,CC00217XX11-73700
CC00193XX13-64400,CC00268XX13-87800
CC00193XX13-64400,CC00300XX03-96000
CC00193XX13-64400,CC00304XX07-111600
CC00193XX13-64400,CC00308XX11-98900
CC00193XX13-64400,CC00314XX09-100101
CC00193XX13-64400,CC00321XX08-102700
CC00193XX13-64400,CC00329XX16-105400
CC00193XX13-64400,CC00345XX16-109000
CC00193XX13-64400,CC00398XX20-123100
CC00193XX13-64400,CC00403XX07-124400
CC00193XX13-64400,CC00405XX09-124900
CC00193XX13-64400,CC00413XX09-127100
CC00193XX13-64400,CC00415XX11-127400
CC00193XX13-64400,CC00446XX18-135200
CC00193XX13-64400,CC00453XX08-136600
CC00193XX13-64400,CC00472XX11-140000
CC00193XX13-64400,CC00473XX12-140100
CC00193XX13-64400,CC00474XX13-140500
CC00193XX13-64400,CC00484XX15-142700
CC00193XX13-64400,CC00486XX17-144300
CC00193XX13-64400,CC00502XX07-146700
CC00193XX13-64400,CC00508XX13-148700
CC00193XX13-64400,CC00509XX14-148800
CC00193XX13-64400,CC00549XX22-157600
CC00193XX13-64400,CC00550XX06-157800
CC00193XX13-64400,CC00552XX08-159300
CC00193XX13-64400,CC00553XX09-159000
CC00193XX13-64400,CC00584XX16-178800
CC00193XX13-64400,CC00585XX17-178900
CC00193XX13-64400,CC00586XX18-179000
CC00198XX18-66600,CC00199XX19-66700
CC00198XX18-66600,CC00203XX05-69500
CC00198XX18-66600,CC00206XX08-70100
CC00198XX18-66600,CC00207XX09-88700
CC00198XX18-66600,CC00217XX11-73700
CC00198XX18-66600,CC00268XX13-87800
CC00198XX18-66600,CC00300XX03-96000
CC00198XX18-66600,CC00304XX07-111600
CC00198XX18-66600,CC00308XX11-98900
CC00198XX18-66600,CC00314XX09-100101
CC00198XX18-66600,CC00321XX08-102700
CC00198XX18-66600,CC00329XX16-105400
CC00198XX18-66600,CC00345XX16-109000
CC00198XX18-66600,CC00398XX20-123100
CC00198XX18-66600,CC00403XX07-124400
CC00198XX18-66600,CC00405XX09-124900
CC00198XX18-66600,CC00413XX09-127100
CC00198XX18-66600,CC00415XX11-127400
CC00198XX18-66600,CC00446XX18-135200
CC00198XX18-66600,CC00453XX08-136600
CC00198XX18-66600,CC00472XX11-140000
CC00198XX18-66600,CC00473XX12-140100
CC00198XX18-66600,CC00474XX13-140500
CC00198XX18-66600,CC00484XX15-142700
CC00198XX18-66600,CC00486XX17-144300
CC00198XX18-66600,CC00502XX07-146700
CC00198XX18-66600,CC00508XX13-148700
CC00198XX18-66600,CC00509XX14-148800
CC00198XX18-66600,CC00549XX22-157600
CC00198XX18-66600,CC00550XX06-157800
CC00198XX18-66600,CC00552XX08-159300
CC00198XX18-66600,CC00553XX09-159000
CC00198XX18-66600,CC00584XX16-178800
CC00198XX18-66600,CC00585XX17-178900
CC00198XX18-66600,CC00586XX18-179000
CC00199XX19-66700,CC00203XX05-69500
CC00199XX19-66700,CC00206XX08-70100
CC00199XX19-66700,CC00207XX09-88700
CC00199XX19-66700,CC00217XX11-73700
CC00199XX19-66700,CC00268XX13-87800
CC00199XX19-66700,CC00300XX03-96000
CC00199XX19-66700,CC00304XX07-111600
CC00199XX19-66700,CC00308XX11-98900
CC00199XX19-66700,CC00314XX09-100101
CC00199XX19-66700,CC00321XX08-102700
CC00199XX19-66700,CC00329XX16-105400
CC00199XX19-66700,CC00345XX16-109000
CC00199XX19-66700,CC00398XX20-123100
CC00199XX19-66700,CC00403XX07-124400
CC00199XX19-66700,CC00405XX09-124900
CC00199XX19-66700,CC00413XX09-127100
CC00199XX19-66700,CC00415XX11-127400
CC00199XX19-66700,CC00446XX18-135200
CC00199XX19-66700,CC00453XX08-136600
CC00199XX19-66700,CC00472XX11-140000
CC00199XX19-66700,CC00473XX12-140100
CC00199XX19-66700,CC00474XX13-140500
CC00199XX19-66700,CC00484XX15-142700
CC00199XX19-66700,CC00486XX17-144300
CC00199XX19-66700,CC00502XX07-146700
CC00199XX19-66700,CC00508XX13-148700
CC00199XX19-66700,CC00509XX14-148800
CC00199XX19-66700,CC00549XX22-157600
CC00199XX19-66700,CC00550XX06-157800
CC00199XX19-66700,CC00552XX08-159300
CC00199XX19-66700,CC00553XX09-159000
CC00199XX19-66700,CC00584XX16-178800
CC00199XX19-66700,CC00585XX17-178900
CC00199XX19-66700,CC00586XX18-179000
CC00203XX05-69500,CC00206XX08-70100
CC00203XX05-69500,CC00207XX09-88700
CC00203XX05-69500,CC00217XX11-73700
CC00203XX05-69500,CC00268XX13-87800
CC00203XX05-69500,CC00300XX03-96000
CC00203XX05-69500,CC00304XX07-111600
CC00203XX05-69500,CC00308XX11-98900
CC00203XX05-69500,CC00314XX09-100101
CC00203XX05-69500,CC00321XX08-102700
CC00203XX05-69500,CC00329XX16-105400
CC00203XX05-69500,CC00345XX16-109000
CC00203XX05-69500,CC00398XX20-123100
CC00203XX05-69500,CC00403XX07-124400
CC00203XX05-69500,CC00405XX09-124900
CC00203XX05-69500,CC00413XX09-127100
CC00203XX05-69500,CC00415XX11-127400
CC00203XX05-69500,CC00446XX18-135200
CC00203XX05-69500,CC00453XX08-136600
CC00203XX05-69500,CC00472XX11-140000
CC00203XX05-69500,CC00473XX12-140100
CC00203XX05-69500,CC00474XX13-140500
CC00203XX05-69500,CC00484XX15-142700
CC00203XX05-69500,CC00486XX17-144300
CC00203XX05-69500,CC00502XX07-146700
CC00203XX05-69500,CC00508XX13-148700
CC00203XX05-69500,CC00509XX14-148800
CC00203XX05-69500,CC00549XX22-157600
CC00203XX05-69500,CC00550XX06-157800
CC00203XX05-69500,CC00552XX08-159300
CC00203XX05-69500,CC00553XX09-159000
CC00203XX05-69500,CC00584XX16-178800
CC00203XX05-69500,CC00585XX17-178900
CC00203XX05-69500,CC00586XX18-179000
CC00206XX08-70100,CC00207XX09-88700
CC00206XX08-70100,CC00217XX11-73700
CC00206XX08-70100,CC00268XX13-87800
CC00206XX08-70100,CC00300XX03-96000
CC00206XX08-70100,CC00304XX07-111600
CC00206XX08-70100,CC00308XX11-98900
CC00206XX08-70100,CC00314XX09-100101
CC00206XX08-70100,CC00321XX08-102700
CC00206XX08-70100,CC00329XX16-105400
CC00206XX08-70100,CC00345XX16-109000
CC00206XX08-70100,CC00398XX20-123100
CC00206XX08-70100,CC00403XX07-124400
CC00206XX08-70100,CC00405XX09-124900
CC00206XX08-70100,CC00413XX09-127100
CC00206XX08-70100,CC00415XX11-127400
CC00206XX08-70100,CC00446XX18-135200
CC00206XX08-70100,CC00453XX08-136600
CC00206XX08-70100,CC00472XX11-140000
CC00206XX08-70100,CC00473XX12-140100
CC00206XX08-70100,CC00474XX13-140500
CC00206XX08-70100,CC00484XX15-142700
CC00206XX08-70100,CC00486XX17-144300
CC00206XX08-70100,CC00502XX07-146700
CC00206XX08-70100,CC00508XX13-148700
CC00206XX08-70100,CC00509XX14-148800
CC00206XX08-70100,CC00549XX22-157600
CC00206XX08-70100,CC00550XX06-157800
CC00206XX08-70100,CC00552XX08-159300
CC00206XX08-70100,CC00553XX09-159000
CC00206XX08-70100,CC00584XX16-178800
CC00206XX08-70100,CC00585XX17-178900
CC00206XX08-70100,CC00586XX18-179000
CC00207XX09-88700,CC00217XX11-73700
CC00207XX09-88700,CC00268XX13-87800
CC00207XX09-88700,CC00300XX03-96000
CC00207XX09-88700,CC00304XX07-111600
CC00207XX09-88700,CC00308XX11-98900
CC00207XX09-88700,CC00314XX09-100101
CC00207XX09-88700,CC00321XX08-102700
CC00207XX09-88700,CC00329XX16-105400
CC00207XX09-88700,CC00345XX16-109000
CC00207XX09-88700,CC00398XX20-123100
CC00207XX09-88700,CC00403XX07-124400
CC00207XX09-88700,CC00405XX09-124900
CC00207XX09-88700,CC00413XX09-127100
CC00207XX09-88700,CC00415XX11-127400
CC00207XX09-88700,CC00446XX18-135200
CC00207XX09-88700,CC00453XX08-136600
CC00207XX09-88700,CC00472XX11-140000
CC00207XX09-88700,CC00473XX12-140100
CC00207XX09-88700,CC00474XX13-140500
CC00207XX09-88700,CC00484XX15-142700
CC00207XX09-88700,CC00486XX17-144300
CC00207XX09-88700,CC00502XX07-146700
CC00207XX09-88700,CC00508XX13-148700
CC00207XX09-88700,CC00509XX14-148800
CC00207XX09-88700,CC00549XX22-157600
CC00207XX09-88700,CC00550XX06-157800
CC00207XX09-88700,CC00552XX08-159300
CC00207XX09-88700,CC00553XX09-159000
CC00207XX09-88700,CC00584XX16-178800
CC00207XX09-88700,CC00585XX17-178900
CC00207XX09-88700,CC00586XX18-179000
CC00217XX11-73700,CC00268XX13-87800
CC00217XX11-73700,CC00300XX03-96000
CC00217XX11-73700,CC00304XX07-111600
CC00217XX11-73700,CC00308XX11-98900
CC00217XX11-73700,CC00314XX09-100101
CC00217XX11-73700,CC00321XX08-102700
CC00217XX11-73700,CC00329XX16-105400
CC00217XX11-73700,CC00345XX16-109000
CC00217XX11-73700,CC00398XX20-123100
CC00217XX11-73700,CC00403XX07-124400
CC00217XX11-73700,CC00405XX09-124900
CC00217XX11-73700,CC00413XX09-127100
CC00217XX11-73700,CC00415XX11-127400
CC00217XX11-73700,CC00446XX18-135200
CC00217XX11-73700,CC00453XX08-136600
CC00217XX11-73700,CC00472XX11-140000
CC00217XX11-73700,CC00473XX12-140100
CC00217XX11-73700,CC00474XX13-140500
CC00217XX11-73700,CC00484XX15-142700
CC00217XX11-73700,CC00486XX17-144300
CC00217XX11-73700,CC00502XX07-146700
CC00217XX11-73700,CC00508XX13-148700
CC00217XX11-73700,CC00509XX14-148800
CC00217XX11-73700,CC00549XX22-157600
CC00217XX11-73700,CC00550XX06-157800
CC00217XX11-73700,CC00552XX08-159300
CC00217XX11-73700,CC00553XX09-159000
CC00217XX11-73700,CC00584XX16-178800
CC00217XX11-73700,CC00585XX17-178900
CC00217XX11-73700,CC00586XX18-179000
CC00268XX13-87800,CC00300XX03-96000
CC00268XX13-87800,CC00304XX07-111600
CC00268XX13-87800,CC00308XX11-98900
CC00268XX13-87800,CC00314XX09-100101
CC00268XX13-87800,CC00321XX08-102700
CC00268XX13-87800,CC00329XX16-105400
CC00268XX13-87800,CC00345XX16-109000
CC00268XX13-87800,CC00398XX20-123100
CC00268XX13-87800,CC00403XX07-124400
CC00268XX13-87800,CC00405XX09-124900
CC00268XX13-87800,CC00413XX09-127100
CC00268XX13-87800,CC00415XX11-127400
CC00268XX13-87800,CC00446XX18-135200
CC00268XX13-87800,CC00453XX08-136600
CC00268XX13-87800,CC00472XX11-140000
CC00268XX13-87800,CC00473XX12-140100
CC00268XX13-87800,CC00474XX13-140500
CC00268XX13-87800,CC00484XX15-142700
CC00268XX13-87800,CC00486XX17-144300
CC00268XX13-87800,CC00502XX07-146700
CC00268XX13-87800,CC00508XX13-148700
CC00268XX13-87800,CC00509XX14-148800
CC00268XX13-87800,CC00549XX22-157600
CC00268XX13-87800,CC00550XX06-157800
CC00268XX13-87800,CC00552XX08-159300
CC00268XX13-87800,CC00553XX09-159000
CC00268XX13-87800,CC00584XX16-178800
CC00268XX13-87800,CC00585XX17-178900
CC00268XX13-87800,CC00586XX18-179000
CC00300XX03-96000,CC00304XX07-111600
CC00300XX03-96000,CC00308XX11-98900
CC00300XX03-96000,CC00314XX09-100101
CC00300XX03-96000,CC00321XX08-102700
CC00300XX03-96000,CC00329XX16-105400
CC00300XX03-96000,CC00345XX16-109000
CC00300XX03-96000,CC00398XX20-123100
CC00300XX03-96000,CC00403XX07-124400
CC00300XX03-96000,CC00405XX09-124900
CC00300XX03-96000,CC00413XX09-127100
CC00300XX03-96000,CC00415XX11-127400
CC00300XX03-96000,CC00446XX18-135200
CC00300XX03-96000,CC00453XX08-136600
CC00300XX03-96000,CC00472XX11-140000
CC00300XX03-96000,CC00473XX12-140100
CC00300XX03-96000,CC00474XX13-140500
CC00300XX03-96000,CC00484XX15-142700
CC00300XX03-96000,CC00486XX17-144300
CC00300XX03-96000,CC00502XX07-146700
CC00300XX03-96000,CC00508XX13-148700
CC00300XX03-96000,CC00509XX14-148800
CC00300XX03-96000,CC00549XX22-157600
CC00300XX03-96000,CC00550XX06-157800
CC00300XX03-96000,CC00552XX08-159300
CC00300XX03-96000,CC00553XX09-159000
CC00300XX03-96000,CC00584XX16-178800
CC00300XX03-96000,CC00585XX17-178900
CC00300XX03-96000,CC00586XX18-179000
CC00304XX07-111600,CC00308XX11-98900
CC00304XX07-111600,CC00314XX09-100101
CC00304XX07-111600,CC00321XX08-102700
CC00304XX07-111600,CC00329XX16-105400
CC00304XX07-111600,CC00345XX16-109000
CC00304XX07-111600,CC00398XX20-123100
CC00304XX07-111600,CC00403XX07-124400
CC00304XX07-111600,CC00405XX09-124900
CC00304XX07-111600,CC00413XX09-127100
CC00304XX07-111600,CC00415XX11-127400
CC00304XX07-111600,CC00446XX18-135200
CC00304XX07-111600,CC00453XX08-136600
CC00304XX07-111600,CC00472XX11-140000
CC00304XX07-111600,CC00473XX12-140100
CC00304XX07-111600,CC00474XX13-140500
CC00304XX07-111600,CC00484XX15-142700
CC00304XX07-111600,CC00486XX17-144300
CC00304XX07-111600,CC00502XX07-146700
CC00304XX07-111600,CC00508XX13-148700
CC00304XX07-111600,CC00509XX14-148800
CC00304XX07-111600,CC00549XX22-157600
CC00304XX07-111600,CC00550XX06-157800
CC00304XX07-111600,CC00552XX08-159300
CC00304XX07-111600,CC00553XX09-159000
CC00304XX07-111600,CC00584XX16-178800
CC00304XX07-111600,CC00585XX17-178900
CC00304XX07-111600,CC00586XX18-179000
CC00308XX11-98900,CC00314XX09-100101
CC00308XX11-98900,CC00321XX08-102700
CC00308XX11-98900,CC00329XX16-105400
CC00308XX11-98900,CC00345XX16-109000
CC00308XX11-98900,CC00398XX20-123100
CC00308XX11-98900,CC00403XX07-124400
CC00308XX11-98900,CC00405XX09-124900
CC00308XX11-98900,CC00413XX09-127100
CC00308XX11-98900,CC00415XX11-127400
CC00308XX11-98900,CC00446XX18-135200
CC00308XX11-98900,CC00453XX08-136600
CC00308XX11-98900,CC00472XX11-140000
CC00308XX11-98900,CC00473XX12-140100
CC00308XX11-98900,CC00474XX13-140500
CC00308XX11-98900,CC00484XX15-142700
CC00308XX11-98900,CC00486XX17-144300
CC00308XX11-98900,CC00502XX07-146700
CC00308XX11-98900,CC00508XX13-148700
CC00308XX11-98900,CC00509XX14-148800
CC00308XX11-98900,CC00549XX22-157600
CC00308XX11-98900,CC00550XX06-157800
CC00308XX11-98900,CC00552XX08-159300
CC00308XX11-98900,CC00553XX09-159000
CC00308XX11-98900,CC00584XX16-178800
CC00308XX11-98900,CC00585XX17-178900
CC00308XX11-98900,CC00586XX18-179000
CC00314XX09-100101,CC00321XX08-102700
CC00314XX09-100101,CC00329XX16-105400
CC00314XX09-100101,CC00345XX16-109000
CC00314XX09-100101,CC00398XX20-123100
CC00314XX09-100101,CC00403XX07-124400
CC00314XX09-100101,CC00405XX09-124900
CC00314XX09-100101,CC00413XX09-127100
CC00314XX09-100101,CC00415XX11-127400
CC00314XX09-100101,CC00446XX18-135200
CC00314XX09-100101,CC00453XX08-136600
CC00314XX09-100101,CC00472XX11-140000
CC00314XX09-100101,CC00473XX12-140100
CC00314XX09-100101,CC00474XX13-140500
CC00314XX09-100101,CC00484XX15-142700
CC00314XX09-100101,CC00486XX17-144300
CC00314XX09-100101,CC00502XX07-146700
CC00314XX09-100101,CC00508XX13-148700
CC00314XX09-100101,CC00509XX14-148800
CC00314XX09-100101,CC00549XX22-157600
CC00314XX09-100101,CC00550XX06-157800
CC00314XX09-100101,CC00552XX08-159300
CC00314XX09-100101,CC00553XX09-159000
CC00314XX09-100101,CC00584XX16-178800
CC00314XX09-100101,CC00585XX17-178900
CC00314XX09-100101,CC00586XX18-179000
CC00321XX08-102700,CC00329XX16-105400
CC00321XX08-102700,CC00345XX16-109000
CC00321XX08-102700,CC00398XX20-123100
CC00321XX08-102700,CC00403XX07-124400
CC00321XX08-102700,CC00405XX09-124900
CC00321XX08-102700,CC00413XX09-127100
CC00321XX08-102700,CC00415XX11-127400
CC00321XX08-102700,CC00446XX18-135200
CC00321XX08-102700,CC00453XX08-136600
CC00321XX08-102700,CC00472XX11-140000
CC00321XX08-102700,CC00473XX12-140100
CC00321XX08-102700,CC00474XX13-140500
CC00321XX08-102700,CC00484XX15-142700
CC00321XX08-102700,CC00486XX17-144300
CC00321XX08-102700,CC00502XX07-146700
CC00321XX08-102700,CC00508XX13-148700
CC00321XX08-102700,CC00509XX14-148800
CC00321XX08-102700,CC00549XX22-157600
CC00321XX08-102700,CC00550XX06-157800
CC00321XX08-102700,CC00552XX08-159300
CC00321XX08-102700,CC00553XX09-159000
CC00321XX08-102700,CC00584XX16-178800
CC00321XX08-102700,CC00585XX17-178900
CC00321XX08-102700,CC00586XX18-179000
CC00329XX16-105400,CC00345XX16-109000
CC00329XX16-105400,CC00398XX20-123100
CC00329XX16-105400,CC00403XX07-124400
CC00329XX16-105400,CC00405XX09-124900
CC00329XX16-105400,CC00413XX09-127100
CC00329XX16-105400,CC00415XX11-127400
CC00329XX16-105400,CC00446XX18-135200
CC00329XX16-105400,CC00453XX08-136600
CC00329XX16-105400,CC00472XX11-140000
CC00329XX16-105400,CC00473XX12-140100
CC00329XX16-105400,CC00474XX13-140500
CC00329XX16-105400,CC00484XX15-142700
CC00329XX16-105400,CC00486XX17-144300
CC00329XX16-105400,CC00502XX07-146700
CC00329XX16-105400,CC00508XX13-148700
CC00329XX16-105400,CC00509XX14-148800
CC00329XX16-105400,CC00549XX22-157600
CC00329XX16-105400,CC00550XX06-157800
CC00329XX16-105400,CC00552XX08-159300
CC00329XX16-105400,CC00553XX09-159000
CC00329XX16-105400,CC00584XX16-178800
CC00329XX16-105400,CC00585XX17-178900
CC00329XX16-105400,CC00586XX18-179000
CC00345XX16-109000,CC00398XX20-123100
CC00345XX16-109000,CC00403XX07-124400
CC00345XX16-109000,CC00405XX09-124900
CC00345XX16-109000,CC00413XX09-127100
CC00345XX16-109000,CC00415XX11-127400
CC00345XX16-109000,CC00446XX18-135200
CC00345XX16-109000,CC00453XX08-136600
CC00345XX16-109000,CC00472XX11-140000
CC00345XX16-109000,CC00473XX12-140100
CC00345XX16-109000,CC00474XX13-140500
CC00345XX16-109000,CC00484XX15-142700
CC00345XX16-109000,CC00486XX17-144300
CC00345XX16-109000,CC00502XX07-146700
CC00345XX16-109000,CC00508XX13-148700
CC00345XX16-109000,CC00509XX14-148800
CC00345XX16-109000,CC00549XX22-157600
CC00345XX16-109000,CC00550XX06-157800
CC00345XX16-109000,CC00552XX08-159300
CC00345XX16-109000,CC00553XX09-159000
CC00345XX16-109000,CC00584XX16-178800
CC00345XX16-109000,CC00585XX17-178900
CC00345XX16-109000,CC00586XX18-179000
CC00398XX20-123100,CC00403XX07-124400
CC00398XX20-123100,CC00405XX09-124900
CC00398XX20-123100,CC00413XX09-127100
CC00398XX20-123100,CC00415XX11-127400
CC00398XX20-123100,CC00446XX18-135200
CC00398XX20-123100,CC00453XX08-136600
CC00398XX20-123100,CC00472XX11-140000
CC00398XX20-123100,CC00473XX12-140100
CC00398XX20-123100,CC00474XX13-140500
CC00398XX20-123100,CC00484XX15-142700
CC00398XX20-123100,CC00486XX17-144300
CC00398XX20-123100,CC00502XX07-146700
CC00398XX20-123100,CC00508XX13-148700
CC00398XX20-123100,CC00509XX14-148800
CC00398XX20-123100,CC00549XX22-157600
CC00398XX20-123100,CC00550XX06-157800
CC00398XX20-123100,CC00552XX08-159300
CC00398XX20-123100,CC00553XX09-159000
CC00398XX20-123100,CC00584XX16-178800
CC00398XX20-123100,CC00585XX17-178900
CC00398XX20-123100,CC00586XX18-179000
CC00403XX07-124400,CC00405XX09-124900
CC00403XX07-124400,CC00413XX09-127100
CC00403XX07-124400,CC00415XX11-127400
CC00403XX07-124400,CC00446XX18-135200
CC00403XX07-124400,CC00453XX08-136600
CC00403XX07-124400,CC00472XX11-140000
CC00403XX07-124400,CC00473XX12-140100
CC00403XX07-124400,CC00474XX13-140500
CC00403XX07-124400,CC00484XX15-142700
CC00403XX07-124400,CC00486XX17-144300
CC00403XX07-124400,CC00502XX07-146700
CC00403XX07-124400,CC00508XX13-148700
CC00403XX07-124400,CC00509XX14-148800
CC00403XX07-124400,CC00549XX22-157600
CC00403XX07-124400,CC00550XX06-157800
CC00403XX07-124400,CC00552XX08-159300
CC00403XX07-124400,CC00553XX09-159000
CC00403XX07-124400,CC00584XX16-178800
CC00403XX07-124400,CC00585XX17-178900
CC00403XX07-124400,CC00586XX18-179000
CC00405XX09-124900,CC00413XX09-127100
CC00405XX09-124900,CC00415XX11-127400
CC00405XX09-124900,CC00446XX18-135200
CC00405XX09-124900,CC00453XX08-136600
CC00405XX09-124900,CC00472XX11-140000
CC00405XX09-124900,CC00473XX12-140100
CC00405XX09-124900,CC00474XX13-140500
CC00405XX09-124900,CC00484XX15-142700
CC00405XX09-124900,CC00486XX17-144300
CC00405XX09-124900,CC00502XX07-146700
CC00405XX09-124900,CC00508XX13-148700
CC00405XX09-124900,CC00509XX14-148800
CC00405XX09-124900,CC00549XX22-157600
CC00405XX09-124900,CC00550XX06-157800
CC00405XX09-124900,CC00552XX08-159300
CC00405XX09-124900,CC00553XX09-159000
CC00405XX09-124900,CC00584XX16-178800
CC00405XX09-124900,CC00585XX17-178900
CC00405XX09-124900,CC00586XX18-179000
CC00413XX09-127100,CC00415XX11-127400
CC00413XX09-127100,CC00446XX18-135200
CC00413XX09-127100,CC00453XX08-136600
CC00413XX09-127100,CC00472XX11-140000
CC00413XX09-127100,CC00473XX12-140100
CC00413XX09-127100,CC00474XX13-140500
CC00413XX09-127100,CC00484XX15-142700
CC00413XX09-127100,CC00486XX17-144300
CC00413XX09-127100,CC00502XX07-146700
CC00413XX09-127100,CC00508XX13-148700
CC00413XX09-127100,CC00509XX14-148800
CC00413XX09-127100,CC00549XX22-157600
CC00413XX09-127100,CC00550XX06-157800
CC00413XX09-127100,CC00552XX08-159300
CC00413XX09-127100,CC00553XX09-159000
CC00413XX09-127100,CC00584XX16-178800
CC00413XX09-127100,CC00585XX17-178900
CC00413XX09-127100,CC00586XX18-179000
CC00415XX11-127400,CC00446XX18-135200
CC00415XX11-127400,CC00453XX08-136600
CC00415XX11-127400,CC00472XX11-140000
CC00415XX11-127400,CC00473XX12-140100
CC00415XX11-127400,CC00474XX13-140500
CC00415XX11-127400,CC00484XX15-142700
CC00415XX11-127400,CC00486XX17-144300
CC00415XX11-127400,CC00502XX07-146700
CC00415XX11-127400,CC00508XX13-148700
CC00415XX11-127400,CC00509XX14-148800
CC00415XX11-127400,CC00549XX22-157600
CC00415XX11-127400,CC00550XX06-157800
CC00415XX11-127400,CC00552XX08-159300
CC00415XX11-127400,CC00553XX09-159000
CC00415XX11-127400,CC00584XX16-178800
CC00415XX11-127400,CC00585XX17-178900
CC00415XX11-127400,CC00586XX18-179000
CC00446XX18-135200,CC00453XX08-136600
CC00446XX18-135200,CC00472XX11-140000
CC00446XX18-135200,CC00473XX12-140100
CC00446XX18-135200,CC00474XX13-140500
CC00446XX18-135200,CC00484XX15-142700
CC00446XX18-135200,CC00486XX17-144300
CC00446XX18-135200,CC00502XX07-146700
CC00446XX18-135200,CC00508XX13-148700
CC00446XX18-135200,CC00509XX14-148800
CC00446XX18-135200,CC00549XX22-157600
CC00446XX18-135200,CC00550XX06-157800
CC00446XX18-135200,CC00552XX08-159300
CC00446XX18-135200,CC00553XX09-159000
CC00446XX18-135200,CC00584XX16-178800
CC00446XX18-135200,CC00585XX17-178900
CC00446XX18-135200,CC00586XX18-179000
CC00453XX08-136600,CC00472XX11-140000
CC00453XX08-136600,CC00473XX12-140100
CC00453XX08-136600,CC00474XX13-140500
CC00453XX08-136600,CC00484XX15-142700
CC00453XX08-136600,CC00486XX17-144300
CC00453XX08-136600,CC00502XX07-146700
CC00453XX08-136600,CC00508XX13-148700
CC00453XX08-136600,CC00509XX14-148800
CC00453XX08-136600,CC00549XX22-157600
CC00453XX08-136600,CC00550XX06-157800
CC00453XX08-136600,CC00552XX08-159300
CC00453XX08-136600,CC00553XX09-159000
CC00453XX08-136600,CC00584XX16-178800
CC00453XX08-136600,CC00585XX17-178900
CC00453XX08-136600,CC00586XX18-179000
CC00472XX11-140000,CC00473XX12-140100
CC00472XX11-140000,CC00474XX13-140500
CC00472XX11-140000,CC00484XX15-142700
CC00472XX11-140000,CC00486XX17-144300
CC00472XX11-140000,CC00502XX07-146700
CC00472XX11-140000,CC00508XX13-148700
CC00472XX11-140000,CC00509XX14-148800
CC00472XX11-140000,CC00549XX22-157600
CC00472XX11-140000,CC00550XX06-157800
CC00472XX11-140000,CC00552XX08-159300
CC00472XX11-140000,CC00553XX09-159000
CC00472XX11-140000,CC00584XX16-178800
CC00472XX11-140000,CC00585XX17-178900
CC00472XX11-140000,CC00586XX18-179000
CC00473XX12-140100,CC00474XX13-140500
CC00473XX12-140100,CC00484XX15-142700
CC00473XX12-140100,CC00486XX17-144300
CC00473XX12-140100,CC00502XX07-146700
CC00473XX12-140100,CC00508XX13-148700
CC00473XX12-140100,CC00509XX14-148800
CC00473XX12-140100,CC00549XX22-157600
CC00473XX12-140100,CC00550XX06-157800
CC00473XX12-140100,CC00552XX08-159300
CC00473XX12-140100,CC00553XX09-159000
CC00473XX12-140100,CC00584XX16-178800
CC00473XX12-140100,CC00585XX17-178900
CC00473XX12-140100,CC00586XX18-179000
CC00474XX13-140500,CC00484XX15-142700
CC00474XX13-140500,CC00486XX17-144300
CC00474XX13-140500,CC00502XX07-146700
CC00474XX13-140500,CC00508XX13-148700
CC00474XX13-140500,CC00509XX14-148800
CC00474XX13-140500,CC00549XX22-157600
CC00474XX13-140500,CC00550XX06-157800
CC00474XX13-140500,CC00552XX08-159300
CC00474XX13-140500,CC00553XX09-159000
CC00474XX13-140500,CC00584XX16-178800
CC00474XX13-140500,CC00585XX17-178900
CC00474XX13-140500,CC00586XX18-179000
CC00484XX15-142700,CC00486XX17-144300
CC00484XX15-142700,CC00502XX07-146700
CC00484XX15-142700,CC00508XX13-148700
CC00484XX15-142700,CC00509XX14-148800
CC00484XX15-142700,CC00549XX22-157600
CC00484XX15-142700,CC00550XX06-157800
CC00484XX15-142700,CC00552XX08-159300
CC00484XX15-142700,CC00553XX09-159000
CC00484XX15-142700,CC00584XX16-178800
CC00484XX15-142700,CC00585XX17-178900
CC00484XX15-142700,CC00586XX18-179000
CC00486XX17-144300,CC00502XX07-146700
CC00486XX17-144300,CC00508XX13-148700
CC00486XX17-144300,CC00509XX14-148800
CC00486XX17-144300,CC00549XX22-157600
CC00486XX17-144300,CC00550XX06-157800
CC00486XX17-144300,CC00552XX08-159300
CC00486XX17-144300,CC00553XX09-159000
CC00486XX17-144300,CC00584XX16-178800
CC00486XX17-144300,CC00585XX17-178900
CC00486XX17-144300,CC00586XX18-179000
CC00502XX07-146700,CC00508XX13-148700
CC00502XX07-146700,CC00509XX14-148800
CC00502XX07-146700,CC00549XX22-157600
CC00502XX07-146700,CC00550XX06-157800
CC00502XX07-146700,CC00552XX08-159300
CC00502XX07-146700,CC00553XX09-159000
CC00502XX07-146700,CC00584XX16-178800
CC00502XX07-146700,CC00585XX17-178900
CC00502XX07-146700,CC00586XX18-179000
CC00508XX13-148700,CC00509XX14-148800
CC00508XX13-148700,CC00549XX22-157600
CC00508XX13-148700,CC00550XX06-157800
CC00508XX13-148700,CC00552XX08-159300
CC00508XX13-148700,CC00553XX09-159000
CC00508XX13-148700,CC00584XX16-178800
CC00508XX13-148700,CC00585XX17-178900
CC00508XX13-148700,CC00586XX18-179000
CC00509XX14-148800,CC00549XX22-157600
CC00509XX14-148800,CC00550XX06-157800
CC00509XX14-148800,CC00552XX08-159300
CC00509XX14-148800,CC00553XX09-159000
CC00509XX14-148800,CC00584XX16-178800
CC00509XX14-148800,CC00585XX17-178900
CC00509XX14-148800,CC00586XX18-179000
CC00549XX22-157600,CC00550XX06-157800
CC00549XX22-157600,CC00552XX08-159300
CC00549XX22-157600,CC00553XX09-159000
CC00549XX22-157600,CC00584XX16-178800
CC00549XX22-157600,CC00585XX17-178900
CC00549XX22-157600,CC00586XX18-179000
CC00550XX06-157800,CC00552XX08-159300
CC00550XX06-157800,CC00553XX09-159000
CC00550XX06-157800,CC00584XX16-178800
CC00550XX06-157800,CC00585XX17-178900
CC00550XX06-157800,CC00586XX18-179000
CC00552XX08-159300,CC00553XX09-159000
CC00552XX08-159300,CC00584XX16-178800
CC00552XX08-159300,CC00585XX17-178900
CC00552XX08-159300,CC00586XX18-179000
CC00553XX09-159000,CC00584XX16-178800
CC00553XX09-159000,CC00585XX17-178900
CC00553XX09-159000,CC00586XX18-179000
CC00584XX16-178800,CC00585XX17-178900
CC00584XX16-178800,CC00586XX18-179000
CC00585XX17-178900,CC00586XX18-179000
